shoulder_in,elbow_in,shoulder_out,elbow_out
1300,400,1500,500
1300,450,1500,500
1300,500,1500,500
1300,550,1500,550
1300,600,1500,600
1300,650,1500,650
1300,700,1500,700
1300,750,1500,750
1300,800,1500,800
1300,850,1500,850
1300,900,1500,900
1300,950,1500,950
1300,1000,1500,1000
1300,1050,1500,1050
1300,1100,1500,1100
1300,1150,1500,1150
1300,1200,1500,1200
1300,1250,1500,1250
1300,1300,1500,1300
1300,1350,1500,1350
1300,1400,1500,1400
1300,1450,1500,1450
1300,1500,1500,1500
1300,1550,1500,1500
1300,1600,1500,1500
1300,1650,1500,1500
1300,1700,1500,1500
1300,1750,1500,1500
1300,1800,1500,1500
1300,1850,1500,1500
1300,1900,1500,1500
1300,1950,1500,1500
1325,400,1500,500
1325,450,1500,500
1325,500,1500,500
1325,550,1500,550
1325,600,1500,600
1325,650,1500,650
1325,700,1500,700
1325,750,1500,750
1325,800,1500,800
1325,850,1500,850
1325,900,1500,900
1325,950,1500,950
1325,1000,1500,1000
1325,1050,1500,1050
1325,1100,1500,1100
1325,1150,1500,1150
1325,1200,1500,1200
1325,1250,1500,1250
1325,1300,1500,1300
1325,1350,1500,1350
1325,1400,1500,1400
1325,1450,1500,1450
1325,1500,1500,1500
1325,1550,1500,1500
1325,1600,1500,1500
1325,1650,1500,1500
1325,1700,1500,1500
1325,1750,1500,1500
1325,1800,1500,1500
1325,1850,1500,1500
1325,1900,1500,1500
1325,1950,1500,1500
1350,400,1500,500
1350,450,1500,500
1350,500,1500,500
1350,550,1500,550
1350,600,1500,600
1350,650,1500,650
1350,700,1500,700
1350,750,1500,750
1350,800,1500,800
1350,850,1500,850
1350,900,1500,900
1350,950,1500,950
1350,1000,1500,1000
1350,1050,1500,1050
1350,1100,1500,1100
1350,1150,1500,1150
1350,1200,1500,1200
1350,1250,1500,1250
1350,1300,1500,1300
1350,1350,1500,1350
1350,1400,1500,1400
1350,1450,1500,1450
1350,1500,1500,1500
1350,1550,1500,1500
1350,1600,1500,1500
1350,1650,1500,1500
1350,1700,1500,1500
1350,1750,1500,1500
1350,1800,1500,1500
1350,1850,1500,1500
1350,1900,1500,1500
1350,1950,1500,1500
1375,400,1500,500
1375,450,1500,500
1375,500,1500,500
1375,550,1500,550
1375,600,1500,600
1375,650,1500,650
1375,700,1500,700
1375,750,1500,750
1375,800,1500,800
1375,850,1500,850
1375,900,1500,900
1375,950,1500,950
1375,1000,1500,1000
1375,1050,1500,1050
1375,1100,1500,1100
1375,1150,1500,1150
1375,1200,1500,1200
1375,1250,1500,1250
1375,1300,1500,1300
1375,1350,1500,1350
1375,1400,1500,1400
1375,1450,1500,1450
1375,1500,1500,1500
1375,1550,1500,1500
1375,1600,1500,1500
1375,1650,1500,1500
1375,1700,1500,1500
1375,1750,1500,1500
1375,1800,1500,1500
1375,1850,1500,1500
1375,1900,1500,1500
1375,1950,1500,1500
1400,400,1500,500
1400,450,1500,500
1400,500,1500,500
1400,550,1500,550
1400,600,1500,600
1400,650,1500,650
1400,700,1500,700
1400,750,1500,750
1400,800,1500,800
1400,850,1500,850
1400,900,1500,900
1400,950,1500,950
1400,1000,1500,1000
1400,1050,1500,1050
1400,1100,1500,1100
1400,1150,1500,1150
1400,1200,1500,1200
1400,1250,1500,1250
1400,1300,1500,1300
1400,1350,1500,1350
1400,1400,1500,1400
1400,1450,1500,1450
1400,1500,1500,1500
1400,1550,1500,1500
1400,1600,1500,1500
1400,1650,1500,1500
1400,1700,1500,1500
1400,1750,1500,1500
1400,1800,1500,1500
1400,1850,1500,1500
1400,1900,1500,1500
1400,1950,1500,1500
1425,400,1500,500
1425,450,1500,500
1425,500,1500,500
1425,550,1500,550
1425,600,1500,600
1425,650,1500,650
1425,700,1500,700
1425,750,1500,750
1425,800,1500,800
1425,850,1500,850
1425,900,1500,900
1425,950,1500,950
1425,1000,1500,1000
1425,1050,1500,1050
1425,1100,1500,1100
1425,1150,1500,1150
1425,1200,1500,1200
1425,1250,1500,1250
1425,1300,1500,1300
1425,1350,1500,1350
1425,1400,1500,1400
1425,1450,1500,1450
1425,1500,1500,1500
1425,1550,1500,1500
1425,1600,1500,1500
1425,1650,1500,1500
1425,1700,1500,1500
1425,1750,1500,1500
1425,1800,1500,1500
1425,1850,1500,1500
1425,1900,1500,1500
1425,1950,1500,1500
1450,400,1500,500
1450,450,1500,500
1450,500,1500,500
1450,550,1500,550
1450,600,1500,600
1450,650,1500,650
1450,700,1500,700
1450,750,1500,750
1450,800,1500,800
1450,850,1500,850
1450,900,1500,900
1450,950,1500,950
1450,1000,1500,1000
1450,1050,1500,1050
1450,1100,1500,1100
1450,1150,1500,1150
1450,1200,1500,1200
1450,1250,1500,1250
1450,1300,1500,1300
1450,1350,1500,1350
1450,1400,1500,1400
1450,1450,1500,1450
1450,1500,1500,1500
1450,1550,1500,1500
1450,1600,1500,1500
1450,1650,1500,1500
1450,1700,1500,1500
1450,1750,1500,1500
1450,1800,1500,1500
1450,1850,1500,1500
1450,1900,1500,1500
1450,1950,1500,1500
1475,400,1500,500
1475,450,1500,500
1475,500,1500,500
1475,550,1500,550
1475,600,1500,600
1475,650,1500,650
1475,700,1500,700
1475,750,1500,750
1475,800,1500,800
1475,850,1500,850
1475,900,1500,900
1475,950,1500,950
1475,1000,1500,1000
1475,1050,1500,1050
1475,1100,1500,1100
1475,1150,1500,1150
1475,1200,1500,1200
1475,1250,1500,1250
1475,1300,1500,1300
1475,1350,1500,1350
1475,1400,1500,1400
1475,1450,1500,1450
1475,1500,1500,1500
1475,1550,1500,1500
1475,1600,1500,1500
1475,1650,1500,1500
1475,1700,1500,1500
1475,1750,1500,1500
1475,1800,1500,1500
1475,1850,1500,1500
1475,1900,1500,1500
1475,1950,1500,1500
1500,400,1500,500
1500,450,1500,500
1500,500,1500,500
1500,550,1500,550
1500,600,1500,600
1500,650,1500,650
1500,700,1500,700
1500,750,1500,750
1500,800,1500,800
1500,850,1500,850
1500,900,1500,900
1500,950,1500,950
1500,1000,1500,1000
1500,1050,1500,1050
1500,1100,1500,1100
1500,1150,1500,1150
1500,1200,1500,1200
1500,1250,1500,1250
1500,1300,1500,1300
1500,1350,1500,1350
1500,1400,1500,1400
1500,1450,1500,1450
1500,1500,1500,1500
1500,1550,1500,1500
1500,1600,1500,1500
1500,1650,1500,1500
1500,1700,1500,1500
1500,1750,1500,1500
1500,1800,1500,1500
1500,1850,1500,1500
1500,1900,1500,1500
1500,1950,1500,1500
1525,400,1525,500
1525,450,1525,500
1525,500,1525,500
1525,550,1525,550
1525,600,1525,600
1525,650,1525,650
1525,700,1525,700
1525,750,1525,750
1525,800,1525,800
1525,850,1525,850
1525,900,1525,900
1525,950,1525,950
1525,1000,1525,1000
1525,1050,1525,1050
1525,1100,1525,1100
1525,1150,1525,1150
1525,1200,1525,1200
1525,1250,1525,1250
1525,1300,1525,1300
1525,1350,1525,1350
1525,1400,1525,1400
1525,1450,1525,1450
1525,1500,1525,1500
1525,1550,1525,1500
1525,1600,1525,1500
1525,1650,1525,1500
1525,1700,1525,1500
1525,1750,1525,1500
1525,1800,1525,1500
1525,1850,1525,1500
1525,1900,1525,1500
1525,1950,1525,1500
1550,400,1550,500
1550,450,1550,500
1550,500,1550,500
1550,550,1550,550
1550,600,1550,600
1550,650,1550,650
1550,700,1550,700
1550,750,1550,750
1550,800,1550,800
1550,850,1550,850
1550,900,1550,900
1550,950,1550,950
1550,1000,1550,1000
1550,1050,1550,1050
1550,1100,1550,1100
1550,1150,1550,1150
1550,1200,1550,1200
1550,1250,1550,1250
1550,1300,1550,1300
1550,1350,1550,1350
1550,1400,1550,1400
1550,1450,1550,1450
1550,1500,1550,1500
1550,1550,1550,1500
1550,1600,1550,1500
1550,1650,1550,1500
1550,1700,1550,1500
1550,1750,1550,1500
1550,1800,1550,1500
1550,1850,1550,1500
1550,1900,1550,1500
1550,1950,1550,1500
1575,400,1575,500
1575,450,1575,500
1575,500,1575,500
1575,550,1575,550
1575,600,1575,600
1575,650,1575,650
1575,700,1575,700
1575,750,1575,750
1575,800,1575,800
1575,850,1575,850
1575,900,1575,900
1575,950,1575,950
1575,1000,1575,1000
1575,1050,1575,1050
1575,1100,1575,1100
1575,1150,1575,1150
1575,1200,1575,1200
1575,1250,1575,1250
1575,1300,1575,1300
1575,1350,1575,1350
1575,1400,1575,1400
1575,1450,1575,1450
1575,1500,1575,1500
1575,1550,1575,1550
1575,1600,1575,1600
1575,1650,1575,1650
1575,1700,1575,1700
1575,1750,1575,1750
1575,1800,1575,1800
1575,1850,1575,1850
1575,1900,1575,1850
1575,1950,1575,1850
1600,400,1600,500
1600,450,1600,500
1600,500,1600,500
1600,550,1600,550
1600,600,1600,600
1600,650,1600,650
1600,700,1600,700
1600,750,1600,750
1600,800,1600,800
1600,850,1600,850
1600,900,1600,900
1600,950,1600,950
1600,1000,1600,1000
1600,1050,1600,1050
1600,1100,1600,1100
1600,1150,1600,1150
1600,1200,1600,1200
1600,1250,1600,1250
1600,1300,1600,1300
1600,1350,1600,1350
1600,1400,1600,1400
1600,1450,1600,1450
1600,1500,1600,1500
1600,1550,1600,1550
1600,1600,1600,1600
1600,1650,1600,1650
1600,1700,1600,1700
1600,1750,1600,1750
1600,1800,1600,1800
1600,1850,1600,1850
1600,1900,1600,1850
1600,1950,1600,1850
1625,400,1625,500
1625,450,1625,500
1625,500,1625,500
1625,550,1625,550
1625,600,1625,600
1625,650,1625,650
1625,700,1625,700
1625,750,1625,750
1625,800,1625,800
1625,850,1625,850
1625,900,1625,900
1625,950,1625,950
1625,1000,1625,1000
1625,1050,1625,1050
1625,1100,1625,1100
1625,1150,1625,1150
1625,1200,1625,1200
1625,1250,1625,1250
1625,1300,1625,1300
1625,1350,1625,1350
1625,1400,1625,1400
1625,1450,1625,1450
1625,1500,1625,1500
1625,1550,1625,1550
1625,1600,1625,1600
1625,1650,1625,1650
1625,1700,1625,1700
1625,1750,1625,1750
1625,1800,1625,1800
1625,1850,1625,1850
1625,1900,1625,1850
1625,1950,1625,1850
1650,400,1650,500
1650,450,1650,500
1650,500,1650,500
1650,550,1650,550
1650,600,1650,600
1650,650,1650,650
1650,700,1650,700
1650,750,1650,750
1650,800,1650,800
1650,850,1650,850
1650,900,1650,900
1650,950,1650,950
1650,1000,1650,1000
1650,1050,1650,1050
1650,1100,1650,1100
1650,1150,1650,1150
1650,1200,1650,1200
1650,1250,1650,1250
1650,1300,1650,1300
1650,1350,1650,1350
1650,1400,1650,1400
1650,1450,1650,1450
1650,1500,1650,1500
1650,1550,1650,1550
1650,1600,1650,1600
1650,1650,1650,1650
1650,1700,1650,1700
1650,1750,1650,1750
1650,1800,1650,1800
1650,1850,1650,1850
1650,1900,1650,1850
1650,1950,1650,1850
1675,400,1675,500
1675,450,1675,500
1675,500,1675,500
1675,550,1675,550
1675,600,1675,600
1675,650,1675,650
1675,700,1675,700
1675,750,1675,750
1675,800,1675,800
1675,850,1675,850
1675,900,1675,900
1675,950,1675,950
1675,1000,1675,1000
1675,1050,1675,1050
1675,1100,1675,1100
1675,1150,1675,1150
1675,1200,1675,1200
1675,1250,1675,1250
1675,1300,1675,1300
1675,1350,1675,1350
1675,1400,1675,1400
1675,1450,1675,1450
1675,1500,1675,1500
1675,1550,1675,1550
1675,1600,1675,1600
1675,1650,1675,1600
1675,1700,1675,1600
1675,1750,1675,1600
1675,1800,1675,1600
1675,1850,1675,1600
1675,1900,1675,1600
1675,1950,1675,1600
1700,400,1700,500
1700,450,1700,500
1700,500,1700,500
1700,550,1700,550
1700,600,1700,600
1700,650,1700,650
1700,700,1700,700
1700,750,1700,750
1700,800,1700,800
1700,850,1700,850
1700,900,1700,900
1700,950,1700,950
1700,1000,1700,1000
1700,1050,1700,1050
1700,1100,1700,1100
1700,1150,1700,1150
1700,1200,1700,1200
1700,1250,1700,1250
1700,1300,1700,1300
1700,1350,1700,1350
1700,1400,1700,1400
1700,1450,1700,1450
1700,1500,1700,1500
1700,1550,1700,1550
1700,1600,1700,1600
1700,1650,1700,1600
1700,1700,1700,1600
1700,1750,1700,1600
1700,1800,1700,1600
1700,1850,1700,1600
1700,1900,1700,1600
1700,1950,1700,1600
1725,400,1725,500
1725,450,1725,500
1725,500,1725,500
1725,550,1725,550
1725,600,1725,600
1725,650,1725,650
1725,700,1725,700
1725,750,1725,750
1725,800,1725,800
1725,850,1725,850
1725,900,1725,900
1725,950,1725,950
1725,1000,1725,1000
1725,1050,1725,1050
1725,1100,1725,1100
1725,1150,1725,1150
1725,1200,1725,1200
1725,1250,1725,1250
1725,1300,1725,1300
1725,1350,1725,1350
1725,1400,1725,1400
1725,1450,1725,1450
1725,1500,1725,1500
1725,1550,1725,1550
1725,1600,1725,1600
1725,1650,1725,1600
1725,1700,1725,1600
1725,1750,1725,1600
1725,1800,1725,1600
1725,1850,1725,1600
1725,1900,1725,1600
1725,1950,1725,1600
1750,400,1750,500
1750,450,1750,500
1750,500,1750,500
1750,550,1750,550
1750,600,1750,600
1750,650,1750,650
1750,700,1750,700
1750,750,1750,750
1750,800,1750,800
1750,850,1750,850
1750,900,1750,900
1750,950,1750,950
1750,1000,1750,1000
1750,1050,1750,1050
1750,1100,1750,1100
1750,1150,1750,1150
1750,1200,1750,1200
1750,1250,1750,1250
1750,1300,1750,1300
1750,1350,1750,1350
1750,1400,1750,1400
1750,1450,1750,1450
1750,1500,1750,1500
1750,1550,1750,1550
1750,1600,1750,1600
1750,1650,1750,1600
1750,1700,1750,1600
1750,1750,1750,1600
1750,1800,1750,1600
1750,1850,1750,1600
1750,1900,1750,1600
1750,1950,1750,1600
1775,400,1775,500
1775,450,1775,500
1775,500,1775,500
1775,550,1775,550
1775,600,1775,600
1775,650,1775,650
1775,700,1775,700
1775,750,1775,750
1775,800,1775,800
1775,850,1775,850
1775,900,1775,900
1775,950,1775,950
1775,1000,1775,1000
1775,1050,1775,1050
1775,1100,1775,1100
1775,1150,1775,1150
1775,1200,1775,1200
1775,1250,1775,1250
1775,1300,1775,1300
1775,1350,1775,1350
1775,1400,1775,1400
1775,1450,1775,1450
1775,1500,1775,1500
1775,1550,1775,1550
1775,1600,1775,1600
1775,1650,1775,1600
1775,1700,1775,1600
1775,1750,1775,1600
1775,1800,1775,1600
1775,1850,1775,1600
1775,1900,1775,1600
1775,1950,1775,1600
1800,400,1800,500
1800,450,1800,500
1800,500,1800,500
1800,550,1800,550
1800,600,1800,600
1800,650,1800,650
1800,700,1800,700
1800,750,1800,750
1800,800,1800,800
1800,850,1800,850
1800,900,1800,900
1800,950,1800,950
1800,1000,1800,1000
1800,1050,1800,1050
1800,1100,1800,1100
1800,1150,1800,1150
1800,1200,1800,1200
1800,1250,1800,1250
1800,1300,1800,1300
1800,1350,1800,1350
1800,1400,1800,1400
1800,1450,1800,1450
1800,1500,1800,1500
1800,1550,1800,1550
1800,1600,1800,1600
1800,1650,1800,1600
1800,1700,1800,1600
1800,1750,1800,1600
1800,1800,1800,1600
1800,1850,1800,1600
1800,1900,1800,1600
1800,1950,1800,1600
1825,400,1825,500
1825,450,1825,500
1825,500,1825,500
1825,550,1825,550
1825,600,1825,600
1825,650,1825,650
1825,700,1825,700
1825,750,1825,750
1825,800,1825,800
1825,850,1825,850
1825,900,1825,900
1825,950,1825,950
1825,1000,1825,1000
1825,1050,1825,1050
1825,1100,1825,1100
1825,1150,1825,1150
1825,1200,1825,1200
1825,1250,1825,1250
1825,1300,1825,1300
1825,1350,1825,1350
1825,1400,1825,1400
1825,1450,1825,1425
1825,1500,1825,1425
1825,1550,1825,1425
1825,1600,1825,1425
1825,1650,1825,1425
1825,1700,1825,1425
1825,1750,1825,1425
1825,1800,1825,1425
1825,1850,1825,1425
1825,1900,1825,1425
1825,1950,1825,1425
1850,400,1850,500
1850,450,1850,500
1850,500,1850,500
1850,550,1850,550
1850,600,1850,600
1850,650,1850,650
1850,700,1850,700
1850,750,1850,750
1850,800,1850,800
1850,850,1850,850
1850,900,1850,900
1850,950,1850,950
1850,1000,1850,1000
1850,1050,1850,1050
1850,1100,1850,1100
1850,1150,1850,1150
1850,1200,1850,1200
1850,1250,1850,1250
1850,1300,1850,1300
1850,1350,1850,1350
1850,1400,1850,1400
1850,1450,1850,1425
1850,1500,1850,1425
1850,1550,1850,1425
1850,1600,1850,1425
1850,1650,1850,1425
1850,1700,1850,1425
1850,1750,1850,1425
1850,1800,1850,1425
1850,1850,1850,1425
1850,1900,1850,1425
1850,1950,1850,1425
1875,400,1875,500
1875,450,1875,500
1875,500,1875,500
1875,550,1875,550
1875,600,1875,600
1875,650,1875,650
1875,700,1875,700
1875,750,1875,750
1875,800,1875,800
1875,850,1875,850
1875,900,1875,900
1875,950,1875,950
1875,1000,1875,1000
1875,1050,1875,1050
1875,1100,1875,1100
1875,1150,1875,1150
1875,1200,1875,1200
1875,1250,1875,1250
1875,1300,1875,1300
1875,1350,1875,1350
1875,1400,1875,1400
1875,1450,1875,1425
1875,1500,1875,1425
1875,1550,1875,1425
1875,1600,1875,1425
1875,1650,1875,1425
1875,1700,1875,1425
1875,1750,1875,1425
1875,1800,1875,1425
1875,1850,1875,1425
1875,1900,1875,1425
1875,1950,1875,1425
1900,400,1900,500
1900,450,1900,500
1900,500,1900,500
1900,550,1900,550
1900,600,1900,600
1900,650,1900,650
1900,700,1900,700
1900,750,1900,750
1900,800,1900,800
1900,850,1900,850
1900,900,1900,900
1900,950,1900,950
1900,1000,1900,1000
1900,1050,1900,1050
1900,1100,1900,1100
1900,1150,1900,1150
1900,1200,1900,1200
1900,1250,1900,1250
1900,1300,1900,1300
1900,1350,1900,1350
1900,1400,1900,1400
1900,1450,1900,1425
1900,1500,1900,1425
1900,1550,1900,1425
1900,1600,1900,1425
1900,1650,1900,1425
1900,1700,1900,1425
1900,1750,1900,1425
1900,1800,1900,1425
1900,1850,1900,1425
1900,1900,1900,1425
1900,1950,1900,1425
1925,400,1925,500
1925,450,1925,500
1925,500,1925,500
1925,550,1925,550
1925,600,1925,600
1925,650,1925,650
1925,700,1925,700
1925,750,1925,750
1925,800,1925,800
1925,850,1925,850
1925,900,1925,900
1925,950,1925,950
1925,1000,1925,1000
1925,1050,1925,1050
1925,1100,1925,1100
1925,1150,1925,1150
1925,1200,1925,1200
1925,1250,1925,1250
1925,1300,1925,1300
1925,1350,1925,1350
1925,1400,1925,1400
1925,1450,1925,1425
1925,1500,1925,1425
1925,1550,1925,1425
1925,1600,1925,1425
1925,1650,1925,1425
1925,1700,1925,1425
1925,1750,1925,1425
1925,1800,1925,1425
1925,1850,1925,1425
1925,1900,1925,1425
1925,1950,1925,1425
1950,400,1950,500
1950,450,1950,500
1950,500,1950,500
1950,550,1950,550
1950,600,1950,600
1950,650,1950,650
1950,700,1950,700
1950,750,1950,750
1950,800,1950,800
1950,850,1950,850
1950,900,1950,900
1950,950,1950,950
1950,1000,1950,1000
1950,1050,1950,1050
1950,1100,1950,1100
1950,1150,1950,1150
1950,1200,1950,1200
1950,1250,1950,1250
1950,1300,1950,1300
1950,1350,1950,1350
1950,1400,1950,1400
1950,1450,1950,1425
1950,1500,1950,1425
1950,1550,1950,1425
1950,1600,1950,1425
1950,1650,1950,1425
1950,1700,1950,1425
1950,1750,1950,1425
1950,1800,1950,1425
1950,1850,1950,1425
1950,1900,1950,1425
1950,1950,1950,1425
1975,400,1975,500
1975,450,1975,500
1975,500,1975,500
1975,550,1975,550
1975,600,1975,600
1975,650,1975,650
1975,700,1975,700
1975,750,1975,750
1975,800,1975,800
1975,850,1975,850
1975,900,1975,900
1975,950,1975,950
1975,1000,1975,1000
1975,1050,1975,1050
1975,1100,1975,1100
1975,1150,1975,1150
1975,1200,1975,1150
1975,1250,1975,1150
1975,1300,1975,1150
1975,1350,1975,1150
1975,1400,1975,1150
1975,1450,1975,1150
1975,1500,1975,1150
1975,1550,1975,1150
1975,1600,1975,1150
1975,1650,1975,1150
1975,1700,1975,1150
1975,1750,1975,1150
1975,1800,1975,1150
1975,1850,1975,1150
1975,1900,1975,1150
1975,1950,1975,1150
2000,400,2000,500
2000,450,2000,500
2000,500,2000,500
2000,550,2000,550
2000,600,2000,600
2000,650,2000,650
2000,700,2000,700
2000,750,2000,750
2000,800,2000,800
2000,850,2000,850
2000,900,2000,900
2000,950,2000,950
2000,1000,2000,1000
2000,1050,2000,1050
2000,1100,2000,1100
2000,1150,2000,1150
2000,1200,2000,1150
2000,1250,2000,1150
2000,1300,2000,1150
2000,1350,2000,1150
2000,1400,2000,1150
2000,1450,2000,1150
2000,1500,2000,1150
2000,1550,2000,1150
2000,1600,2000,1150
2000,1650,2000,1150
2000,1700,2000,1150
2000,1750,2000,1150
2000,1800,2000,1150
2000,1850,2000,1150
2000,1900,2000,1150
2000,1950,2000,1150
2025,400,2025,500
2025,450,2025,500
2025,500,2025,500
2025,550,2025,550
2025,600,2025,600
2025,650,2025,650
2025,700,2025,700
2025,750,2025,750
2025,800,2025,800
2025,850,2025,850
2025,900,2025,900
2025,950,2025,950
2025,1000,2025,1000
2025,1050,2025,1050
2025,1100,2025,1100
2025,1150,2025,1150
2025,1200,2025,1150
2025,1250,2025,1150
2025,1300,2025,1150
2025,1350,2025,1150
2025,1400,2025,1150
2025,1450,2025,1150
2025,1500,2025,1150
2025,1550,2025,1150
2025,1600,2025,1150
2025,1650,2025,1150
2025,1700,2025,1150
2025,1750,2025,1150
2025,1800,2025,1150
2025,1850,2025,1150
2025,1900,2025,1150
2025,1950,2025,1150
2050,400,2050,500
2050,450,2050,500
2050,500,2050,500
2050,550,2050,550
2050,600,2050,600
2050,650,2050,650
2050,700,2050,700
2050,750,2050,750
2050,800,2050,800
2050,850,2050,850
2050,900,2050,900
2050,950,2050,950
2050,1000,2050,1000
2050,1050,2050,1000
2050,1100,2050,1000
2050,1150,2050,1000
2050,1200,2050,1000
2050,1250,2050,1000
2050,1300,2050,1000
2050,1350,2050,1000
2050,1400,2050,1000
2050,1450,2050,1000
2050,1500,2050,1000
2050,1550,2050,1000
2050,1600,2050,1000
2050,1650,2050,1000
2050,1700,2050,1000
2050,1750,2050,1000
2050,1800,2050,1000
2050,1850,2050,1000
2050,1900,2050,1000
2050,1950,2050,1000
2075,400,2075,500
2075,450,2075,500
2075,500,2075,500
2075,550,2075,550
2075,600,2075,600
2075,650,2075,650
2075,700,2075,700
2075,750,2075,750
2075,800,2075,800
2075,850,2075,850
2075,900,2075,900
2075,950,2075,950
2075,1000,2075,1000
2075,1050,2075,1000
2075,1100,2075,1000
2075,1150,2075,1000
2075,1200,2075,1000
2075,1250,2075,1000
2075,1300,2075,1000
2075,1350,2075,1000
2075,1400,2075,1000
2075,1450,2075,1000
2075,1500,2075,1000
2075,1550,2075,1000
2075,1600,2075,1000
2075,1650,2075,1000
2075,1700,2075,1000
2075,1750,2075,1000
2075,1800,2075,1000
2075,1850,2075,1000
2075,1900,2075,1000
2075,1950,2075,1000
2100,400,2100,500
2100,450,2100,500
2100,500,2100,500
2100,550,2100,550
2100,600,2100,600
2100,650,2100,650
2100,700,2100,700
2100,750,2100,750
2100,800,2100,800
2100,850,2100,850
2100,900,2100,900
2100,950,2100,950
2100,1000,2100,1000
2100,1050,2100,1000
2100,1100,2100,1000
2100,1150,2100,1000
2100,1200,2100,1000
2100,1250,2100,1000
2100,1300,2100,1000
2100,1350,2100,1000
2100,1400,2100,1000
2100,1450,2100,1000
2100,1500,2100,1000
2100,1550,2100,1000
2100,1600,2100,1000
2100,1650,2100,1000
2100,1700,2100,1000
2100,1750,2100,1000
2100,1800,2100,1000
2100,1850,2100,1000
2100,1900,2100,1000
2100,1950,2100,1000
