shoulder,elbow_request,elbow_projected
-0.141261412,0.494603031,2.049015790
-0.141261412,0.756858172,2.049015790
-0.141261412,1.019113313,2.057370098
-0.141261412,1.281368454,2.146759535
-0.141261412,1.543623595,2.236148972
-0.141261412,1.805878736,2.325538408
-0.141261412,2.068133876,2.414927845
-0.141261412,2.330389017,2.504317282
-0.141261412,2.592644158,2.593706719
-0.141261412,2.854899299,2.602061027
-0.141261412,3.117154440,2.602061027
-0.046777835,0.494603031,1.954532213
-0.046777835,0.756858172,1.954532213
-0.046777835,1.019113313,1.962886521
-0.046777835,1.281368454,2.052275958
-0.046777835,1.543623595,2.141665395
-0.046777835,1.805878736,2.231054832
-0.046777835,2.068133876,2.320444268
-0.046777835,2.330389017,2.409833705
-0.046777835,2.592644158,2.499223142
-0.046777835,2.854899299,2.507577450
-0.046777835,3.117154440,2.507577450
0.047705741,0.494603031,1.860048636
0.047705741,0.756858172,1.860048636
0.047705741,1.019113313,1.868402945
0.047705741,1.281368454,1.957792381
0.047705741,1.543623595,2.047181818
0.047705741,1.805878736,2.136571255
0.047705741,2.068133876,2.225960692
0.047705741,2.330389017,2.315350128
0.047705741,2.592644158,2.404739565
0.047705741,2.854899299,2.413093873
0.047705741,3.117154440,2.413093873
0.142189318,0.494603031,1.765565060
0.142189318,0.756858172,1.765565060
0.142189318,1.019113313,1.773919368
0.142189318,1.281368454,1.863308805
0.142189318,1.543623595,1.952698241
0.142189318,1.805878736,2.042087678
0.142189318,2.068133876,2.131477115
0.142189318,2.330389017,2.220866552
0.142189318,2.592644158,2.310255988
0.142189318,2.854899299,2.318610297
0.142189318,3.117154440,2.318610297
0.236672895,0.494603031,1.671081483
0.236672895,0.756858172,1.671081483
0.236672895,1.019113313,1.679435791
0.236672895,1.281368454,1.768825228
0.236672895,1.543623595,1.858214665
0.236672895,1.805878736,1.947604101
0.236672895,2.068133876,2.036993538
0.236672895,2.330389017,2.126382975
0.236672895,2.592644158,2.215772412
0.236672895,2.854899299,2.224126720
0.236672895,3.117154440,2.224126720
0.331156472,0.494603031,1.576597906
0.331156472,0.756858172,1.576597906
0.331156472,1.019113313,1.584952214
0.331156472,1.281368454,1.674341651
0.331156472,1.543623595,1.763731088
0.331156472,1.805878736,1.853120525
0.331156472,2.068133876,1.942509961
0.331156472,2.330389017,2.031899398
0.331156472,2.592644158,2.121288835
0.331156472,2.854899299,2.129643143
0.331156472,3.117154440,2.129643143
0.425640048,0.494603031,1.482114329
0.425640048,0.756858172,1.482114329
0.425640048,1.019113313,1.490468638
0.425640048,1.281368454,1.579858074
0.425640048,1.543623595,1.669247511
0.425640048,1.805878736,1.758636948
0.425640048,2.068133876,1.848026385
0.425640048,2.330389017,1.937415821
0.425640048,2.592644158,2.026805258
0.425640048,2.854899299,2.035159566
0.425640048,3.117154440,2.035159566
0.520123625,0.494603031,1.387630753
0.520123625,0.756858172,1.387630753
0.520123625,1.019113313,1.395985061
0.520123625,1.281368454,1.485374498
0.520123625,1.543623595,1.574763934
0.520123625,1.805878736,1.664153371
0.520123625,2.068133876,1.753542808
0.520123625,2.330389017,1.842932245
0.520123625,2.592644158,1.932321681
0.520123625,2.854899299,1.940675990
0.520123625,3.117154440,1.940675990
0.614607202,0.494603031,1.293147176
0.614607202,0.756858172,1.293147176
0.614607202,1.019113313,1.301501484
0.614607202,1.281368454,1.390890921
0.614607202,1.543623595,1.480280358
0.614607202,1.805878736,1.569669794
0.614607202,2.068133876,1.659059231
0.614607202,2.330389017,1.748448668
0.614607202,2.592644158,1.837838105
0.614607202,2.854899299,1.846192413
0.614607202,3.117154440,1.846192413
0.709090779,0.494603031,1.198663599
0.709090779,0.756858172,1.198663599
0.709090779,1.019113313,1.207017907
0.709090779,1.281368454,1.296407344
0.709090779,1.543623595,1.385796781
0.709090779,1.805878736,1.475186218
0.709090779,2.068133876,1.564575654
0.709090779,2.330389017,1.653965091
0.709090779,2.592644158,1.743354528
0.709090779,2.854899299,1.751708836
0.709090779,3.117154440,1.751708836
0.803574355,0.494603031,1.104180023
0.803574355,0.756858172,1.104180023
0.803574355,1.019113313,1.112534331
0.803574355,1.281368454,1.201923768
0.803574355,1.543623595,1.291313204
0.803574355,1.805878736,1.380702641
0.803574355,2.068133876,1.470092078
0.803574355,2.330389017,1.559481515
0.803574355,2.592644158,1.648870951
0.803574355,2.854899299,1.657225260
0.803574355,3.117154440,1.657225260
0.898057932,0.494603031,1.009696446
0.898057932,0.756858172,1.009696446
0.898057932,1.019113313,1.018050754
0.898057932,1.281368454,1.107440191
0.898057932,1.543623595,1.196829628
0.898057932,1.805878736,1.286219064
0.898057932,2.068133876,1.375608501
0.898057932,2.330389017,1.464997938
0.898057932,2.592644158,1.554387375
0.898057932,2.854899299,1.562741683
0.898057932,3.117154440,1.562741683
