ax,ay,az,elbow_bend,base,shoulder,elbow
-0.447000000,0.495000000,1.226000000,0.434012124,0.712069673,-0.141261412,2.049015790
-0.447000000,0.495000000,1.226000000,1.134012124,0.712069673,-0.141261412,2.220961608
-0.447000000,0.495000000,1.226000000,2.685486859,0.712069673,-0.141261412,2.602061027
-0.447000000,0.495000000,1.226000000,0.000000000,0.712069673,-0.141261412,2.049015790
-0.447000000,0.495000000,1.226000000,3.000000000,0.712069673,-0.141261412,2.602061027
-0.444000000,0.498000000,1.224000000,0.434012124,0.716859044,-0.141261412,2.049015790
-0.444000000,0.498000000,1.224000000,1.134012124,0.716859044,-0.141261412,2.220961608
-0.444000000,0.498000000,1.224000000,2.685486859,0.716859044,-0.141261412,2.602061027
-0.444000000,0.498000000,1.224000000,0.000000000,0.716859044,-0.141261412,2.049015790
-0.444000000,0.498000000,1.224000000,3.000000000,0.716859044,-0.141261412,2.602061027
-0.444000000,0.500000000,1.227000000,0.434012124,0.717878906,-0.141261412,2.049015790
-0.444000000,0.500000000,1.227000000,1.134012124,0.717878906,-0.141261412,2.220961608
-0.444000000,0.500000000,1.227000000,2.685486859,0.717878906,-0.141261412,2.602061027
-0.444000000,0.500000000,1.227000000,0.000000000,0.717878906,-0.141261412,2.049015790
-0.444000000,0.500000000,1.227000000,3.000000000,0.717878906,-0.141261412,2.602061027
-0.437000000,0.503000000,1.223000000,0.434012124,0.723893542,-0.141261412,2.049015790
-0.437000000,0.503000000,1.223000000,1.134012124,0.723893542,-0.141261412,2.220961608
-0.437000000,0.503000000,1.223000000,2.685486859,0.723893542,-0.141261412,2.602061027
-0.437000000,0.503000000,1.223000000,0.000000000,0.723893542,-0.141261412,2.049015790
-0.437000000,0.503000000,1.223000000,3.000000000,0.723893542,-0.141261412,2.602061027
-0.430000000,0.508000000,1.219000000,0.434012124,0.732379177,-0.141261412,2.049015790
-0.430000000,0.508000000,1.219000000,1.134012124,0.732379177,-0.141261412,2.220961608
-0.430000000,0.508000000,1.219000000,2.685486859,0.732379177,-0.141261412,2.602061027
-0.430000000,0.508000000,1.219000000,0.000000000,0.732379177,-0.141261412,2.049015790
-0.430000000,0.508000000,1.219000000,3.000000000,0.732379177,-0.141261412,2.602061027
-0.427000000,0.514000000,1.221000000,0.434012124,0.738911988,-0.141261412,2.049015790
-0.427000000,0.514000000,1.221000000,1.134012124,0.738911988,-0.141261412,2.220961608
-0.427000000,0.514000000,1.221000000,2.685486859,0.738911988,-0.141261412,2.602061027
-0.427000000,0.514000000,1.221000000,0.000000000,0.738911988,-0.141261412,2.049015790
-0.427000000,0.514000000,1.221000000,3.000000000,0.738911988,-0.141261412,2.602061027
-0.433000000,0.502000000,1.221000000,0.434012124,0.723906382,-0.141261412,2.049015790
-0.433000000,0.502000000,1.221000000,1.134012124,0.723906382,-0.141261412,2.220961608
-0.433000000,0.502000000,1.221000000,2.685486859,0.723906382,-0.141261412,2.602061027
-0.433000000,0.502000000,1.221000000,0.000000000,0.723906382,-0.141261412,2.049015790
-0.433000000,0.502000000,1.221000000,3.000000000,0.723906382,-0.141261412,2.602061027
-0.511000000,0.456000000,1.240000000,0.434012124,0.654433108,-0.141261412,2.049015790
-0.511000000,0.456000000,1.240000000,1.134012124,0.654433108,-0.141261412,2.220961608
-0.511000000,0.456000000,1.240000000,2.685486859,0.654433108,-0.141261412,2.602061027
-0.511000000,0.456000000,1.240000000,0.000000000,0.654433108,-0.141261412,2.049015790
-0.511000000,0.456000000,1.240000000,3.000000000,0.654433108,-0.141261412,2.602061027
0.022000000,0.747000000,1.238000000,0.434012124,1.045406427,-0.141261412,2.049015790
0.022000000,0.747000000,1.238000000,1.134012124,1.045406427,-0.141261412,2.220961608
0.022000000,0.747000000,1.238000000,2.685486859,1.045406427,-0.141261412,2.602061027
0.022000000,0.747000000,1.238000000,0.000000000,1.045406427,-0.141261412,2.049015790
0.022000000,0.747000000,1.238000000,3.000000000,1.045406427,-0.141261412,2.602061027
0.106000000,0.783000000,1.192000000,0.434012124,1.082104140,-0.121880361,2.029634738
0.106000000,0.783000000,1.192000000,1.134012124,1.082104140,-0.121880361,2.201580557
0.106000000,0.783000000,1.192000000,2.685486859,1.082104140,-0.121880361,2.582679975
0.106000000,0.783000000,1.192000000,0.000000000,1.082104140,-0.121880361,2.029634738
0.106000000,0.783000000,1.192000000,3.000000000,1.082104140,-0.121880361,2.582679975
0.172000000,0.870000000,1.227000000,0.434012124,1.082104140,-0.093118838,2.000873215
0.172000000,0.870000000,1.227000000,1.134012124,1.082104140,-0.093118838,2.172819034
0.172000000,0.870000000,1.227000000,2.685486859,1.082104140,-0.093118838,2.553918452
0.172000000,0.870000000,1.227000000,0.000000000,1.082104140,-0.093118838,2.000873215
0.172000000,0.870000000,1.227000000,3.000000000,1.082104140,-0.093118838,2.553918452
0.196000000,0.945000000,1.196000000,0.434012124,1.082104140,-0.087081153,1.994835531
0.196000000,0.945000000,1.196000000,1.134012124,1.082104140,-0.087081153,2.166781349
0.196000000,0.945000000,1.196000000,2.685486859,1.082104140,-0.087081153,2.547880768
0.196000000,0.945000000,1.196000000,0.000000000,1.082104140,-0.087081153,1.994835531
0.196000000,0.945000000,1.196000000,3.000000000,1.082104140,-0.087081153,2.547880768
0.265000000,0.917000000,1.194000000,0.434012124,1.082104140,-0.048257617,1.956011995
0.265000000,0.917000000,1.194000000,1.134012124,1.082104140,-0.048257617,2.127957813
0.265000000,0.917000000,1.194000000,2.685486859,1.082104140,-0.048257617,2.509057232
0.265000000,0.917000000,1.194000000,0.000000000,1.082104140,-0.048257617,1.956011995
0.265000000,0.917000000,1.194000000,3.000000000,1.082104140,-0.048257617,2.509057232
0.254000000,0.949000000,1.118000000,0.434012124,1.082104140,-0.055842854,1.963597232
0.254000000,0.949000000,1.118000000,1.134012124,1.082104140,-0.055842854,2.135543050
0.254000000,0.949000000,1.118000000,2.685486859,1.082104140,-0.055842854,2.516642469
0.254000000,0.949000000,1.118000000,0.000000000,1.082104140,-0.055842854,1.963597232
0.254000000,0.949000000,1.118000000,3.000000000,1.082104140,-0.055842854,2.516642469
0.020000000,0.951000000,1.115000000,0.434012124,1.082104140,-0.141261412,2.049015790
0.020000000,0.951000000,1.115000000,1.134012124,1.082104140,-0.141261412,2.220961608
0.020000000,0.951000000,1.115000000,2.685486859,1.082104140,-0.141261412,2.602061027
0.020000000,0.951000000,1.115000000,0.000000000,1.082104140,-0.141261412,2.049015790
0.020000000,0.951000000,1.115000000,3.000000000,1.082104140,-0.141261412,2.602061027
0.075000000,0.999000000,1.189000000,0.434012124,1.082104140,-0.141261412,2.049015790
0.075000000,0.999000000,1.189000000,1.134012124,1.082104140,-0.141261412,2.220961608
0.075000000,0.999000000,1.189000000,2.685486859,1.082104140,-0.141261412,2.602061027
0.075000000,0.999000000,1.189000000,0.000000000,1.082104140,-0.141261412,2.049015790
0.075000000,0.999000000,1.189000000,3.000000000,1.082104140,-0.141261412,2.602061027
0.106000000,1.071000000,1.173000000,0.434012124,1.082104140,-0.141261412,2.049015790
0.106000000,1.071000000,1.173000000,1.134012124,1.082104140,-0.141261412,2.220961608
0.106000000,1.071000000,1.173000000,2.685486859,1.082104140,-0.141261412,2.602061027
0.106000000,1.071000000,1.173000000,0.000000000,1.082104140,-0.141261412,2.049015790
0.106000000,1.071000000,1.173000000,3.000000000,1.082104140,-0.141261412,2.602061027
0.136000000,1.143000000,1.220000000,0.434012124,1.082104140,-0.134291313,2.042045691
0.136000000,1.143000000,1.220000000,1.134012124,1.082104140,-0.134291313,2.213991509
0.136000000,1.143000000,1.220000000,2.685486859,1.082104140,-0.134291313,2.595090928
0.136000000,1.143000000,1.220000000,0.000000000,1.082104140,-0.134291313,2.042045691
0.136000000,1.143000000,1.220000000,3.000000000,1.082104140,-0.134291313,2.595090928
0.167000000,1.212000000,1.197000000,0.434012124,1.082104140,-0.125844997,2.033599375
0.167000000,1.212000000,1.197000000,1.134012124,1.082104140,-0.125844997,2.205545193
0.167000000,1.212000000,1.197000000,2.685486859,1.082104140,-0.125844997,2.586644612
0.167000000,1.212000000,1.197000000,0.000000000,1.082104140,-0.125844997,2.033599375
0.167000000,1.212000000,1.197000000,3.000000000,1.082104140,-0.125844997,2.586644612
0.173000000,1.276000000,1.197000000,0.434012124,1.082104140,-0.128539327,2.036293705
0.173000000,1.276000000,1.197000000,1.134012124,1.082104140,-0.128539327,2.208239523
0.173000000,1.276000000,1.197000000,2.685486859,1.082104140,-0.128539327,2.589338942
0.173000000,1.276000000,1.197000000,0.000000000,1.082104140,-0.128539327,2.036293705
0.173000000,1.276000000,1.197000000,3.000000000,1.082104140,-0.128539327,2.589338942
0.200000000,1.340000000,1.190000000,0.434012124,1.082104140,-0.122157772,2.029912150
0.200000000,1.340000000,1.190000000,1.134012124,1.082104140,-0.122157772,2.201857969
0.200000000,1.340000000,1.190000000,2.685486859,1.082104140,-0.122157772,2.582957387
0.200000000,1.340000000,1.190000000,0.000000000,1.082104140,-0.122157772,2.029912150
0.200000000,1.340000000,1.190000000,3.000000000,1.082104140,-0.122157772,2.582957387
0.161000000,1.400000000,1.178000000,0.434012124,1.082104140,-0.141261412,2.049015790
0.161000000,1.400000000,1.178000000,1.134012124,1.082104140,-0.141261412,2.220961608
0.161000000,1.400000000,1.178000000,2.685486859,1.082104140,-0.141261412,2.602061027
0.161000000,1.400000000,1.178000000,0.000000000,1.082104140,-0.141261412,2.049015790
0.161000000,1.400000000,1.178000000,3.000000000,1.082104140,-0.141261412,2.602061027
0.199000000,1.424000000,1.174000000,0.434012124,1.082104140,-0.130322988,2.038077365
0.199000000,1.424000000,1.174000000,1.134012124,1.082104140,-0.130322988,2.210023184
0.199000000,1.424000000,1.174000000,2.685486859,1.082104140,-0.130322988,2.591122602
0.199000000,1.424000000,1.174000000,0.000000000,1.082104140,-0.130322988,2.038077365
0.199000000,1.424000000,1.174000000,3.000000000,1.082104140,-0.130322988,2.591122602
0.235000000,1.477000000,1.149000000,0.434012124,1.082104140,-0.120468259,2.028222636
0.235000000,1.477000000,1.149000000,1.134012124,1.082104140,-0.120468259,2.200168455
0.235000000,1.477000000,1.149000000,2.685486859,1.082104140,-0.120468259,2.581267873
0.235000000,1.477000000,1.149000000,0.000000000,1.082104140,-0.120468259,2.028222636
0.235000000,1.477000000,1.149000000,3.000000000,1.082104140,-0.120468259,2.581267873
0.227000000,1.506000000,1.137000000,0.434012124,1.082104140,-0.126798019,2.034552397
0.227000000,1.506000000,1.137000000,1.134012124,1.082104140,-0.126798019,2.206498216
0.227000000,1.506000000,1.137000000,2.685486859,1.082104140,-0.126798019,2.587597634
0.227000000,1.506000000,1.137000000,0.000000000,1.082104140,-0.126798019,2.034552397
0.227000000,1.506000000,1.137000000,3.000000000,1.082104140,-0.126798019,2.587597634
0.263000000,1.560000000,1.120000000,0.434012124,1.082104140,-0.117397775,2.025152153
0.263000000,1.560000000,1.120000000,1.134012124,1.082104140,-0.117397775,2.197097972
0.263000000,1.560000000,1.120000000,2.685486859,1.082104140,-0.117397775,2.578197390
0.263000000,1.560000000,1.120000000,0.000000000,1.082104140,-0.117397775,2.025152153
0.263000000,1.560000000,1.120000000,3.000000000,1.082104140,-0.117397775,2.578197390
0.254000000,1.613000000,1.137000000,0.434012124,1.082104140,-0.125208625,2.032963003
0.254000000,1.613000000,1.137000000,1.134012124,1.082104140,-0.125208625,2.204908822
0.254000000,1.613000000,1.137000000,2.685486859,1.082104140,-0.125208625,2.586008240
0.254000000,1.613000000,1.137000000,0.000000000,1.082104140,-0.125208625,2.032963003
0.254000000,1.613000000,1.137000000,3.000000000,1.082104140,-0.125208625,2.586008240
0.306000000,1.631000000,1.100000000,0.434012124,1.082104140,-0.107502132,2.015256510
0.306000000,1.631000000,1.100000000,1.134012124,1.082104140,-0.107502132,2.187202328
0.306000000,1.631000000,1.100000000,2.685486859,1.082104140,-0.107502132,2.568301747
0.306000000,1.631000000,1.100000000,0.000000000,1.082104140,-0.107502132,2.015256510
0.306000000,1.631000000,1.100000000,3.000000000,1.082104140,-0.107502132,2.568301747
0.302000000,1.673000000,1.104000000,0.434012124,1.082104140,-0.112917550,2.020671928
0.302000000,1.673000000,1.104000000,1.134012124,1.082104140,-0.112917550,2.192617746
0.302000000,1.673000000,1.104000000,2.685486859,1.082104140,-0.112917550,2.573717165
0.302000000,1.673000000,1.104000000,0.000000000,1.082104140,-0.112917550,2.020671928
0.302000000,1.673000000,1.104000000,3.000000000,1.082104140,-0.112917550,2.573717165
0.310000000,1.723000000,1.085000000,0.434012124,1.082104140,-0.115158728,2.022913106
0.310000000,1.723000000,1.085000000,1.134012124,1.082104140,-0.115158728,2.194858924
0.310000000,1.723000000,1.085000000,2.685486859,1.082104140,-0.115158728,2.575958343
0.310000000,1.723000000,1.085000000,0.000000000,1.082104140,-0.115158728,2.022913106
0.310000000,1.723000000,1.085000000,3.000000000,1.082104140,-0.115158728,2.575958343
0.343000000,1.752000000,1.081000000,0.434012124,1.082104140,-0.105522296,2.013276674
0.343000000,1.752000000,1.081000000,1.134012124,1.082104140,-0.105522296,2.185222492
0.343000000,1.752000000,1.081000000,2.685486859,1.082104140,-0.105522296,2.566321911
0.343000000,1.752000000,1.081000000,0.000000000,1.082104140,-0.105522296,2.013276674
0.343000000,1.752000000,1.081000000,3.000000000,1.082104140,-0.105522296,2.566321911
0.387000000,1.780000000,1.081000000,0.434012124,1.082104140,-0.091876877,1.999631255
0.387000000,1.780000000,1.081000000,1.134012124,1.082104140,-0.091876877,2.171577074
0.387000000,1.780000000,1.081000000,2.685486859,1.082104140,-0.091876877,2.552676492
0.387000000,1.780000000,1.081000000,0.000000000,1.082104140,-0.091876877,1.999631255
0.387000000,1.780000000,1.081000000,3.000000000,1.082104140,-0.091876877,2.552676492
0.364000000,1.841000000,1.080000000,0.434012124,1.082104140,-0.106223889,2.013978267
0.364000000,1.841000000,1.080000000,1.134012124,1.082104140,-0.106223889,2.185924086
0.364000000,1.841000000,1.080000000,2.685486859,1.082104140,-0.106223889,2.567023504
0.364000000,1.841000000,1.080000000,0.000000000,1.082104140,-0.106223889,2.013978267
0.364000000,1.841000000,1.080000000,3.000000000,1.082104140,-0.106223889,2.567023504
0.409000000,1.862000000,1.051000000,0.434012124,1.082104140,-0.093105617,2.000859995
0.409000000,1.862000000,1.051000000,1.134012124,1.082104140,-0.093105617,2.172805814
0.409000000,1.862000000,1.051000000,2.685486859,1.082104140,-0.093105617,2.553905232
0.409000000,1.862000000,1.051000000,0.000000000,1.082104140,-0.093105617,2.000859995
0.409000000,1.862000000,1.051000000,3.000000000,1.082104140,-0.093105617,2.553905232
0.498000000,1.860000000,1.070000000,0.434012124,1.082104140,-0.060707314,1.968461692
0.498000000,1.860000000,1.070000000,1.134012124,1.082104140,-0.060707314,2.140407510
0.498000000,1.860000000,1.070000000,2.685486859,1.082104140,-0.060707314,2.521506929
0.498000000,1.860000000,1.070000000,0.000000000,1.082104140,-0.060707314,1.968461692
0.498000000,1.860000000,1.070000000,3.000000000,1.082104140,-0.060707314,2.521506929
0.481000000,1.878000000,1.057000000,0.434012124,1.082104140,-0.069028710,1.976783088
0.481000000,1.878000000,1.057000000,1.134012124,1.082104140,-0.069028710,2.148728906
0.481000000,1.878000000,1.057000000,2.685486859,1.082104140,-0.069028710,2.529828325
0.481000000,1.878000000,1.057000000,0.000000000,1.082104140,-0.069028710,1.976783088
0.481000000,1.878000000,1.057000000,3.000000000,1.082104140,-0.069028710,2.529828325
0.480000000,1.887000000,1.053000000,0.434012124,1.082104140,-0.070472044,1.978226422
0.480000000,1.887000000,1.053000000,1.134012124,1.082104140,-0.070472044,2.150172241
0.480000000,1.887000000,1.053000000,2.685486859,1.082104140,-0.070472044,2.531271659
0.480000000,1.887000000,1.053000000,0.000000000,1.082104140,-0.070472044,1.978226422
0.480000000,1.887000000,1.053000000,3.000000000,1.082104140,-0.070472044,2.531271659
0.502000000,1.888000000,1.048000000,0.434012124,1.082104140,-0.063055293,1.970809670
0.502000000,1.888000000,1.048000000,1.134012124,1.082104140,-0.063055293,2.142755489
0.502000000,1.888000000,1.048000000,2.685486859,1.082104140,-0.063055293,2.523854907
0.502000000,1.888000000,1.048000000,0.000000000,1.082104140,-0.063055293,1.970809670
0.502000000,1.888000000,1.048000000,3.000000000,1.082104140,-0.063055293,2.523854907
0.513000000,1.908000000,1.059000000,0.434012124,1.082104140,-0.061099866,1.968854244
0.513000000,1.908000000,1.059000000,1.134012124,1.082104140,-0.061099866,2.140800062
0.513000000,1.908000000,1.059000000,2.685486859,1.082104140,-0.061099866,2.521899481
0.513000000,1.908000000,1.059000000,0.000000000,1.082104140,-0.061099866,1.968854244
0.513000000,1.908000000,1.059000000,3.000000000,1.082104140,-0.061099866,2.521899481
0.542000000,1.905000000,1.055000000,0.434012124,1.082104140,-0.050916233,1.958670610
0.542000000,1.905000000,1.055000000,1.134012124,1.082104140,-0.050916233,2.130616429
0.542000000,1.905000000,1.055000000,2.685486859,1.082104140,-0.050916233,2.511715847
0.542000000,1.905000000,1.055000000,0.000000000,1.082104140,-0.050916233,1.958670610
0.542000000,1.905000000,1.055000000,3.000000000,1.082104140,-0.050916233,2.511715847
0.553000000,1.918000000,1.042000000,0.434012124,1.082104140,-0.049012718,1.956767096
0.553000000,1.918000000,1.042000000,1.134012124,1.082104140,-0.049012718,2.128712914
0.553000000,1.918000000,1.042000000,2.685486859,1.082104140,-0.049012718,2.509812333
0.553000000,1.918000000,1.042000000,0.000000000,1.082104140,-0.049012718,1.956767096
0.553000000,1.918000000,1.042000000,3.000000000,1.082104140,-0.049012718,2.509812333
0.536000000,1.917000000,1.048000000,0.434012124,1.082104140,-0.054531527,1.962285904
0.536000000,1.917000000,1.048000000,1.134012124,1.082104140,-0.054531527,2.134231723
0.536000000,1.917000000,1.048000000,2.685486859,1.082104140,-0.054531527,2.515331141
0.536000000,1.917000000,1.048000000,0.000000000,1.082104140,-0.054531527,1.962285904
0.536000000,1.917000000,1.048000000,3.000000000,1.082104140,-0.054531527,2.515331141
0.502000000,1.907000000,1.044000000,0.434012124,1.082104140,-0.065258886,1.973013263
0.502000000,1.907000000,1.044000000,1.134012124,1.082104140,-0.065258886,2.144959082
0.502000000,1.907000000,1.044000000,2.685486859,1.082104140,-0.065258886,2.526058500
0.502000000,1.907000000,1.044000000,0.000000000,1.082104140,-0.065258886,1.973013263
0.502000000,1.907000000,1.044000000,3.000000000,1.082104140,-0.065258886,2.526058500
0.502000000,1.894000000,1.058000000,0.434012124,1.082104140,-0.063403621,1.971157998
0.502000000,1.894000000,1.058000000,1.134012124,1.082104140,-0.063403621,2.143103817
0.502000000,1.894000000,1.058000000,2.685486859,1.082104140,-0.063403621,2.524203235
0.502000000,1.894000000,1.058000000,0.000000000,1.082104140,-0.063403621,1.971157998
0.502000000,1.894000000,1.058000000,3.000000000,1.082104140,-0.063403621,2.524203235
0.516000000,1.910000000,1.042000000,0.434012124,1.082104140,-0.060810985,1.968565363
0.516000000,1.910000000,1.042000000,1.134012124,1.082104140,-0.060810985,2.140511181
0.516000000,1.910000000,1.042000000,2.685486859,1.082104140,-0.060810985,2.521610600
0.516000000,1.910000000,1.042000000,0.000000000,1.082104140,-0.060810985,1.968565363
0.516000000,1.910000000,1.042000000,3.000000000,1.082104140,-0.060810985,2.521610600
0.588000000,1.895000000,1.052000000,0.434012124,1.082104140,-0.034107285,1.941861663
0.588000000,1.895000000,1.052000000,1.134012124,1.082104140,-0.034107285,2.113807481
0.588000000,1.895000000,1.052000000,2.685486859,1.082104140,-0.034107285,2.494906900
0.588000000,1.895000000,1.052000000,0.000000000,1.082104140,-0.034107285,1.941861663
0.588000000,1.895000000,1.052000000,3.000000000,1.082104140,-0.034107285,2.494906900
0.534000000,1.888000000,1.046000000,0.434012124,1.082104140,-0.051999020,1.959753398
0.534000000,1.888000000,1.046000000,1.134012124,1.082104140,-0.051999020,2.131699216
0.534000000,1.888000000,1.046000000,2.685486859,1.082104140,-0.051999020,2.512798635
0.534000000,1.888000000,1.046000000,0.000000000,1.082104140,-0.051999020,1.959753398
0.534000000,1.888000000,1.046000000,3.000000000,1.082104140,-0.051999020,2.512798635
0.483000000,1.886000000,1.050000000,0.434012124,1.082104140,-0.069411269,1.977165647
0.483000000,1.886000000,1.050000000,1.134012124,1.082104140,-0.069411269,2.149111465
0.483000000,1.886000000,1.050000000,2.685486859,1.082104140,-0.069411269,2.530210884
0.483000000,1.886000000,1.050000000,0.000000000,1.082104140,-0.069411269,1.977165647
0.483000000,1.886000000,1.050000000,3.000000000,1.082104140,-0.069411269,2.530210884
0.561000000,1.877000000,1.048000000,0.434012124,1.082104140,-0.041328861,1.949083239
0.561000000,1.877000000,1.048000000,1.134012124,1.082104140,-0.041328861,2.121029057
0.561000000,1.877000000,1.048000000,2.685486859,1.082104140,-0.041328861,2.502128476
0.561000000,1.877000000,1.048000000,0.000000000,1.082104140,-0.041328861,1.949083239
0.561000000,1.877000000,1.048000000,3.000000000,1.082104140,-0.041328861,2.502128476
0.611000000,1.901000000,1.066000000,0.434012124,1.082104140,-0.026691292,1.934445670
0.611000000,1.901000000,1.066000000,1.134012124,1.082104140,-0.026691292,2.106391488
0.611000000,1.901000000,1.066000000,2.685486859,1.082104140,-0.026691292,2.487490907
0.611000000,1.901000000,1.066000000,0.000000000,1.082104140,-0.026691292,1.934445670
0.611000000,1.901000000,1.066000000,3.000000000,1.082104140,-0.026691292,2.487490907
0.599000000,1.936000000,1.045000000,0.434012124,1.082104140,-0.035463097,1.943217474
0.599000000,1.936000000,1.045000000,1.134012124,1.082104140,-0.035463097,2.115163293
0.599000000,1.936000000,1.045000000,2.685486859,1.082104140,-0.035463097,2.496262711
0.599000000,1.936000000,1.045000000,0.000000000,1.082104140,-0.035463097,1.943217474
0.599000000,1.936000000,1.045000000,3.000000000,1.082104140,-0.035463097,2.496262711
0.624000000,1.939000000,1.067000000,0.434012124,1.082104140,-0.026915418,1.934669796
0.624000000,1.939000000,1.067000000,1.134012124,1.082104140,-0.026915418,2.106615614
0.624000000,1.939000000,1.067000000,2.685486859,1.082104140,-0.026915418,2.487715033
0.624000000,1.939000000,1.067000000,0.000000000,1.082104140,-0.026915418,1.934669796
0.624000000,1.939000000,1.067000000,3.000000000,1.082104140,-0.026915418,2.487715033
0.625000000,1.947000000,1.045000000,0.434012124,1.082104140,-0.028104734,1.935859112
0.625000000,1.947000000,1.045000000,1.134012124,1.082104140,-0.028104734,2.107804930
0.625000000,1.947000000,1.045000000,2.685486859,1.082104140,-0.028104734,2.488904349
0.625000000,1.947000000,1.045000000,0.000000000,1.082104140,-0.028104734,1.935859112
0.625000000,1.947000000,1.045000000,3.000000000,1.082104140,-0.028104734,2.488904349
0.640000000,1.956000000,1.040000000,0.434012124,1.082104140,-0.024362971,1.932117349
0.640000000,1.956000000,1.040000000,1.134012124,1.082104140,-0.024362971,2.104063167
0.640000000,1.956000000,1.040000000,2.685486859,1.082104140,-0.024362971,2.485162586
0.640000000,1.956000000,1.040000000,0.000000000,1.082104140,-0.024362971,1.932117349
0.640000000,1.956000000,1.040000000,3.000000000,1.082104140,-0.024362971,2.485162586
0.666000000,1.948000000,1.045000000,0.434012124,1.082104140,-0.014692472,1.922446849
0.666000000,1.948000000,1.045000000,1.134012124,1.082104140,-0.014692472,2.094392668
0.666000000,1.948000000,1.045000000,2.685486859,1.082104140,-0.014692472,2.475492086
0.666000000,1.948000000,1.045000000,0.000000000,1.082104140,-0.014692472,1.922446849
0.666000000,1.948000000,1.045000000,3.000000000,1.082104140,-0.014692472,2.475492086
0.642000000,1.933000000,1.044000000,0.434012124,1.082104140,-0.020776004,1.928530382
0.642000000,1.933000000,1.044000000,1.134012124,1.082104140,-0.020776004,2.100476201
0.642000000,1.933000000,1.044000000,2.685486859,1.082104140,-0.020776004,2.481575619
0.642000000,1.933000000,1.044000000,0.000000000,1.082104140,-0.020776004,1.928530382
0.642000000,1.933000000,1.044000000,3.000000000,1.082104140,-0.020776004,2.481575619
0.582000000,1.926000000,1.040000000,0.434012124,1.082104140,-0.040146314,1.947900691
0.582000000,1.926000000,1.040000000,1.134012124,1.082104140,-0.040146314,2.119846510
0.582000000,1.926000000,1.040000000,2.685486859,1.082104140,-0.040146314,2.500945928
0.582000000,1.926000000,1.040000000,0.000000000,1.082104140,-0.040146314,1.947900691
0.582000000,1.926000000,1.040000000,3.000000000,1.082104140,-0.040146314,2.500945928
0.450000000,1.893000000,1.038000000,0.434012124,1.082104140,-0.082141882,1.989896260
0.450000000,1.893000000,1.038000000,1.134012124,1.082104140,-0.082141882,2.161842078
0.450000000,1.893000000,1.038000000,2.685486859,1.082104140,-0.082141882,2.542941497
0.450000000,1.893000000,1.038000000,0.000000000,1.082104140,-0.082141882,1.989896260
0.450000000,1.893000000,1.038000000,3.000000000,1.082104140,-0.082141882,2.542941497
0.321000000,1.838000000,1.045000000,0.434012124,1.082104140,-0.123023911,2.030778289
0.321000000,1.838000000,1.045000000,1.134012124,1.082104140,-0.123023911,2.202724108
0.321000000,1.838000000,1.045000000,2.685486859,1.082104140,-0.123023911,2.583823526
0.321000000,1.838000000,1.045000000,0.000000000,1.082104140,-0.123023911,2.030778289
0.321000000,1.838000000,1.045000000,3.000000000,1.082104140,-0.123023911,2.583823526
0.255000000,1.758000000,1.069000000,0.434012124,1.082104140,-0.139850417,2.047604794
0.255000000,1.758000000,1.069000000,1.134012124,1.082104140,-0.139850417,2.219550613
0.255000000,1.758000000,1.069000000,2.685486859,1.082104140,-0.139850417,2.600650031
0.255000000,1.758000000,1.069000000,0.000000000,1.082104140,-0.139850417,2.047604794
0.255000000,1.758000000,1.069000000,3.000000000,1.082104140,-0.139850417,2.600650031
0.156000000,1.687000000,1.071000000,0.434012124,1.082104140,-0.141261412,2.049015790
0.156000000,1.687000000,1.071000000,1.134012124,1.082104140,-0.141261412,2.220961608
0.156000000,1.687000000,1.071000000,2.685486859,1.082104140,-0.141261412,2.602061027
0.156000000,1.687000000,1.071000000,0.000000000,1.082104140,-0.141261412,2.049015790
0.156000000,1.687000000,1.071000000,3.000000000,1.082104140,-0.141261412,2.602061027
0.112000000,1.571000000,1.113000000,0.434012124,1.082104140,-0.141261412,2.049015790
0.112000000,1.571000000,1.113000000,1.134012124,1.082104140,-0.141261412,2.220961608
0.112000000,1.571000000,1.113000000,2.685486859,1.082104140,-0.141261412,2.602061027
0.112000000,1.571000000,1.113000000,0.000000000,1.082104140,-0.141261412,2.049015790
0.112000000,1.571000000,1.113000000,3.000000000,1.082104140,-0.141261412,2.602061027
0.059000000,1.524000000,1.142000000,0.434012124,1.082104140,-0.141261412,2.049015790
0.059000000,1.524000000,1.142000000,1.134012124,1.082104140,-0.141261412,2.220961608
0.059000000,1.524000000,1.142000000,2.685486859,1.082104140,-0.141261412,2.602061027
0.059000000,1.524000000,1.142000000,0.000000000,1.082104140,-0.141261412,2.049015790
0.059000000,1.524000000,1.142000000,3.000000000,1.082104140,-0.141261412,2.602061027
0.030000000,1.399000000,1.140000000,0.434012124,1.082104140,-0.141261412,2.049015790
0.030000000,1.399000000,1.140000000,1.134012124,1.082104140,-0.141261412,2.220961608
0.030000000,1.399000000,1.140000000,2.685486859,1.082104140,-0.141261412,2.602061027
0.030000000,1.399000000,1.140000000,0.000000000,1.082104140,-0.141261412,2.049015790
0.030000000,1.399000000,1.140000000,3.000000000,1.082104140,-0.141261412,2.602061027
0.024000000,1.255000000,1.154000000,0.434012124,1.082104140,-0.141261412,2.049015790
0.024000000,1.255000000,1.154000000,1.134012124,1.082104140,-0.141261412,2.220961608
0.024000000,1.255000000,1.154000000,2.685486859,1.082104140,-0.141261412,2.602061027
0.024000000,1.255000000,1.154000000,0.000000000,1.082104140,-0.141261412,2.049015790
0.024000000,1.255000000,1.154000000,3.000000000,1.082104140,-0.141261412,2.602061027
0.014000000,1.164000000,1.152000000,0.434012124,1.082104140,-0.141261412,2.049015790
0.014000000,1.164000000,1.152000000,1.134012124,1.082104140,-0.141261412,2.220961608
0.014000000,1.164000000,1.152000000,2.685486859,1.082104140,-0.141261412,2.602061027
0.014000000,1.164000000,1.152000000,0.000000000,1.082104140,-0.141261412,2.049015790
0.014000000,1.164000000,1.152000000,3.000000000,1.082104140,-0.141261412,2.602061027
-0.045000000,1.127000000,1.186000000,0.434012124,1.082104140,-0.141261412,2.049015790
-0.045000000,1.127000000,1.186000000,1.134012124,1.082104140,-0.141261412,2.220961608
-0.045000000,1.127000000,1.186000000,2.685486859,1.082104140,-0.141261412,2.602061027
-0.045000000,1.127000000,1.186000000,0.000000000,1.082104140,-0.141261412,2.049015790
-0.045000000,1.127000000,1.186000000,3.000000000,1.082104140,-0.141261412,2.602061027
-0.083000000,1.105000000,1.169000000,0.434012124,1.082104140,-0.141261412,2.049015790
-0.083000000,1.105000000,1.169000000,1.134012124,1.082104140,-0.141261412,2.220961608
-0.083000000,1.105000000,1.169000000,2.685486859,1.082104140,-0.141261412,2.602061027
-0.083000000,1.105000000,1.169000000,0.000000000,1.082104140,-0.141261412,2.049015790
-0.083000000,1.105000000,1.169000000,3.000000000,1.082104140,-0.141261412,2.602061027
-0.104000000,1.101000000,1.121000000,0.434012124,1.082104140,-0.141261412,2.049015790
-0.104000000,1.101000000,1.121000000,1.134012124,1.082104140,-0.141261412,2.220961608
-0.104000000,1.101000000,1.121000000,2.685486859,1.082104140,-0.141261412,2.602061027
-0.104000000,1.101000000,1.121000000,0.000000000,1.082104140,-0.141261412,2.049015790
-0.104000000,1.101000000,1.121000000,3.000000000,1.082104140,-0.141261412,2.602061027
0.030000000,0.987000000,1.080000000,0.434012124,1.082104140,-0.141261412,2.049015790
0.030000000,0.987000000,1.080000000,1.134012124,1.082104140,-0.141261412,2.220961608
0.030000000,0.987000000,1.080000000,2.685486859,1.082104140,-0.141261412,2.602061027
0.030000000,0.987000000,1.080000000,0.000000000,1.082104140,-0.141261412,2.049015790
0.030000000,0.987000000,1.080000000,3.000000000,1.082104140,-0.141261412,2.602061027
0.057000000,0.959000000,1.100000000,0.434012124,1.082104140,-0.141261412,2.049015790
0.057000000,0.959000000,1.100000000,1.134012124,1.082104140,-0.141261412,2.220961608
0.057000000,0.959000000,1.100000000,2.685486859,1.082104140,-0.141261412,2.602061027
0.057000000,0.959000000,1.100000000,0.000000000,1.082104140,-0.141261412,2.049015790
0.057000000,0.959000000,1.100000000,3.000000000,1.082104140,-0.141261412,2.602061027
0.082000000,0.948000000,1.091000000,0.434012124,1.082104140,-0.141261412,2.049015790
0.082000000,0.948000000,1.091000000,1.134012124,1.082104140,-0.141261412,2.220961608
0.082000000,0.948000000,1.091000000,2.685486859,1.082104140,-0.141261412,2.602061027
0.082000000,0.948000000,1.091000000,0.000000000,1.082104140,-0.141261412,2.049015790
0.082000000,0.948000000,1.091000000,3.000000000,1.082104140,-0.141261412,2.602061027
0.086000000,0.916000000,1.097000000,0.434012124,1.082104140,-0.141261412,2.049015790
0.086000000,0.916000000,1.097000000,1.134012124,1.082104140,-0.141261412,2.220961608
0.086000000,0.916000000,1.097000000,2.685486859,1.082104140,-0.141261412,2.602061027
0.086000000,0.916000000,1.097000000,0.000000000,1.082104140,-0.141261412,2.049015790
0.086000000,0.916000000,1.097000000,3.000000000,1.082104140,-0.141261412,2.602061027
0.105000000,0.901000000,1.092000000,0.434012124,1.082104140,-0.132766301,2.040520679
0.105000000,0.901000000,1.092000000,1.134012124,1.082104140,-0.132766301,2.212466497
0.105000000,0.901000000,1.092000000,2.685486859,1.082104140,-0.132766301,2.593565916
0.105000000,0.901000000,1.092000000,0.000000000,1.082104140,-0.132766301,2.040520679
0.105000000,0.901000000,1.092000000,3.000000000,1.082104140,-0.132766301,2.593565916
0.109000000,0.886000000,1.077000000,0.434012124,1.082104140,-0.129410384,2.037164762
0.109000000,0.886000000,1.077000000,1.134012124,1.082104140,-0.129410384,2.209110580
0.109000000,0.886000000,1.077000000,2.685486859,1.082104140,-0.129410384,2.590209999
0.109000000,0.886000000,1.077000000,0.000000000,1.082104140,-0.129410384,2.037164762
0.109000000,0.886000000,1.077000000,3.000000000,1.082104140,-0.129410384,2.590209999
0.150000000,0.867000000,1.072000000,0.434012124,1.082104140,-0.104030917,2.011785295
0.150000000,0.867000000,1.072000000,1.134012124,1.082104140,-0.104030917,2.183731113
0.150000000,0.867000000,1.072000000,2.685486859,1.082104140,-0.104030917,2.564830532
0.150000000,0.867000000,1.072000000,0.000000000,1.082104140,-0.104030917,2.011785295
0.150000000,0.867000000,1.072000000,3.000000000,1.082104140,-0.104030917,2.564830532
0.157000000,0.859000000,1.059000000,0.434012124,1.082104140,-0.099140666,2.006895044
0.157000000,0.859000000,1.059000000,1.134012124,1.082104140,-0.099140666,2.178840862
0.157000000,0.859000000,1.059000000,2.685486859,1.082104140,-0.099140666,2.559940281
0.157000000,0.859000000,1.059000000,0.000000000,1.082104140,-0.099140666,2.006895044
0.157000000,0.859000000,1.059000000,3.000000000,1.082104140,-0.099140666,2.559940281
0.136000000,0.895000000,1.075000000,0.434012124,1.082104140,-0.114814695,2.022569073
0.136000000,0.895000000,1.075000000,1.134012124,1.082104140,-0.114814695,2.194514891
0.136000000,0.895000000,1.075000000,2.685486859,1.082104140,-0.114814695,2.575614310
0.136000000,0.895000000,1.075000000,0.000000000,1.082104140,-0.114814695,2.022569073
0.136000000,0.895000000,1.075000000,3.000000000,1.082104140,-0.114814695,2.575614310
0.197000000,1.011000000,1.179000000,0.434012124,1.082104140,-0.092905910,2.000660288
0.197000000,1.011000000,1.179000000,1.134012124,1.082104140,-0.092905910,2.172606107
0.197000000,1.011000000,1.179000000,2.685486859,1.082104140,-0.092905910,2.553705525
0.197000000,1.011000000,1.179000000,0.000000000,1.082104140,-0.092905910,2.000660288
0.197000000,1.011000000,1.179000000,3.000000000,1.082104140,-0.092905910,2.553705525
0.204000000,1.143000000,1.178000000,0.434012124,1.082104140,-0.102315035,2.010069412
0.204000000,1.143000000,1.178000000,1.134012124,1.082104140,-0.102315035,2.182015231
0.204000000,1.143000000,1.178000000,2.685486859,1.082104140,-0.102315035,2.563114649
0.204000000,1.143000000,1.178000000,0.000000000,1.082104140,-0.102315035,2.010069412
0.204000000,1.143000000,1.178000000,3.000000000,1.082104140,-0.102315035,2.563114649
0.228000000,1.168000000,1.159000000,0.434012124,1.082104140,-0.093462356,2.001216734
0.228000000,1.168000000,1.159000000,1.134012124,1.082104140,-0.093462356,2.173162552
0.228000000,1.168000000,1.159000000,2.685486859,1.082104140,-0.093462356,2.554261971
0.228000000,1.168000000,1.159000000,0.000000000,1.082104140,-0.093462356,2.001216734
0.228000000,1.168000000,1.159000000,3.000000000,1.082104140,-0.093462356,2.554261971
0.207000000,1.108000000,1.197000000,0.434012124,1.082104140,-0.097333910,2.005088288
0.207000000,1.108000000,1.197000000,1.134012124,1.082104140,-0.097333910,2.177034106
0.207000000,1.108000000,1.197000000,2.685486859,1.082104140,-0.097333910,2.558133525
0.207000000,1.108000000,1.197000000,0.000000000,1.082104140,-0.097333910,2.005088288
0.207000000,1.108000000,1.197000000,3.000000000,1.082104140,-0.097333910,2.558133525
0.046000000,0.989000000,1.137000000,0.434012124,1.082104140,-0.141261412,2.049015790
0.046000000,0.989000000,1.137000000,1.134012124,1.082104140,-0.141261412,2.220961608
0.046000000,0.989000000,1.137000000,2.685486859,1.082104140,-0.141261412,2.602061027
0.046000000,0.989000000,1.137000000,0.000000000,1.082104140,-0.141261412,2.049015790
0.046000000,0.989000000,1.137000000,3.000000000,1.082104140,-0.141261412,2.602061027
-0.074000000,0.904000000,1.182000000,0.434012124,1.082104140,-0.141261412,2.049015790
-0.074000000,0.904000000,1.182000000,1.134012124,1.082104140,-0.141261412,2.220961608
-0.074000000,0.904000000,1.182000000,2.685486859,1.082104140,-0.141261412,2.602061027
-0.074000000,0.904000000,1.182000000,0.000000000,1.082104140,-0.141261412,2.049015790
-0.074000000,0.904000000,1.182000000,3.000000000,1.082104140,-0.141261412,2.602061027
0.016000000,0.895000000,1.061000000,0.434012124,1.082104140,-0.141261412,2.049015790
0.016000000,0.895000000,1.061000000,1.134012124,1.082104140,-0.141261412,2.220961608
0.016000000,0.895000000,1.061000000,2.685486859,1.082104140,-0.141261412,2.602061027
0.016000000,0.895000000,1.061000000,0.000000000,1.082104140,-0.141261412,2.049015790
0.016000000,0.895000000,1.061000000,3.000000000,1.082104140,-0.141261412,2.602061027
0.017000000,0.866000000,1.115000000,0.434012124,1.082104140,-0.141261412,2.049015790
0.017000000,0.866000000,1.115000000,1.134012124,1.082104140,-0.141261412,2.220961608
0.017000000,0.866000000,1.115000000,2.685486859,1.082104140,-0.141261412,2.602061027
0.017000000,0.866000000,1.115000000,0.000000000,1.082104140,-0.141261412,2.049015790
0.017000000,0.866000000,1.115000000,3.000000000,1.082104140,-0.141261412,2.602061027
0.992636924,0.046786648,0.265019933,0.434012124,0.000000000,0.898057915,1.009696463
0.992636924,0.046786648,0.265019933,1.134012124,0.000000000,0.898057915,1.181642281
0.992636924,0.046786648,0.265019933,2.685486859,0.000000000,0.898057915,1.562741700
0.992636924,0.046786648,0.265019933,0.000000000,0.000000000,0.898057915,1.009696463
0.992636924,0.046786648,0.265019933,3.000000000,0.000000000,0.898057915,1.562741700
0.033408708,-0.010959840,1.024878189,0.434012124,0.000000000,-0.141261412,2.049015790
0.033408708,-0.010959840,1.024878189,1.134012124,0.000000000,-0.141261412,2.220961608
0.033408708,-0.010959840,1.024878189,2.685486859,0.000000000,-0.141261412,2.602061027
0.033408708,-0.010959840,1.024878189,0.000000000,0.000000000,-0.141261412,2.049015790
0.033408708,-0.010959840,1.024878189,3.000000000,0.000000000,-0.141261412,2.602061027
0.122860848,0.451800790,0.918383905,0.434012124,0.900000000,-0.075811088,1.983565466
0.122860848,0.451800790,0.918383905,1.134012124,0.900000000,-0.075811088,2.155511284
0.122860848,0.451800790,0.918383905,2.685486859,0.900000000,-0.075811088,2.536610703
0.122860848,0.451800790,0.918383905,0.000000000,0.900000000,-0.075811088,1.983565466
0.122860848,0.451800790,0.918383905,3.000000000,0.900000000,-0.075811088,2.536610703
0.112252314,-0.461118933,0.899954676,0.434012124,-0.900000000,-0.119677064,2.027431442
0.112252314,-0.461118933,0.899954676,1.134012124,-0.900000000,-0.119677064,2.199377260
0.112252314,-0.461118933,0.899954676,2.685486859,-0.900000000,-0.119677064,2.580476679
0.112252314,-0.461118933,0.899954676,0.000000000,-0.900000000,-0.119677064,2.027431442
0.112252314,-0.461118933,0.899954676,3.000000000,-0.900000000,-0.119677064,2.580476679
-0.992636924,-0.046786648,-0.265019933,0.434012124,0.000000000,-0.141261412,2.049015790
-0.992636924,-0.046786648,-0.265019933,1.134012124,0.000000000,-0.141261412,2.220961608
-0.992636924,-0.046786648,-0.265019933,2.685486859,0.000000000,-0.141261412,2.602061027
-0.992636924,-0.046786648,-0.265019933,0.000000000,0.000000000,-0.141261412,2.049015790
-0.992636924,-0.046786648,-0.265019933,3.000000000,0.000000000,-0.141261412,2.602061027
0.621527660,0.021680693,0.783092150,0.434012124,0.000000000,0.378398260,1.529356118
0.621527660,0.021680693,0.783092150,1.134012124,0.000000000,0.378398260,1.701301936
0.621527660,0.021680693,0.783092150,2.685486859,0.000000000,0.378398260,2.082401355
0.621527660,0.021680693,0.783092150,0.000000000,0.000000000,0.378398260,1.529356118
0.621527660,0.021680693,0.783092150,3.000000000,0.000000000,0.378398260,2.082401355
0.946788908,0.043810386,0.318859552,0.434012124,-0.000000000,0.846091965,1.061662413
0.946788908,0.043810386,0.318859552,1.134012124,-0.000000000,0.846091965,1.233608231
0.946788908,0.043810386,0.318859552,2.685486859,-0.000000000,0.846091965,1.614707650
0.946788908,0.043810386,0.318859552,0.000000000,-0.000000000,0.846091965,1.061662413
0.946788908,0.043810386,0.318859552,3.000000000,-0.000000000,0.846091965,1.614707650
0.287339640,0.949722462,-0.124351018,0.434012124,0.766312411,0.162044379,1.745709999
0.287339640,0.949722462,-0.124351018,1.134012124,0.766312411,0.162044379,1.917655817
0.287339640,0.949722462,-0.124351018,2.685486859,0.766312411,0.162044379,2.298755236
0.287339640,0.949722462,-0.124351018,0.000000000,0.766312411,0.162044379,1.745709999
0.287339640,0.949722462,-0.124351018,3.000000000,0.766312411,0.162044379,2.298755236
0.381254986,-0.912654917,-0.147328332,0.434012124,-0.766312411,0.162044379,1.745709999
0.381254986,-0.912654917,-0.147328332,1.134012124,-0.766312411,0.162044379,1.917655817
0.381254986,-0.912654917,-0.147328332,2.685486859,-0.766312411,0.162044379,2.298755236
0.381254986,-0.912654917,-0.147328332,0.000000000,-0.766312411,0.162044379,1.745709999
0.381254986,-0.912654917,-0.147328332,3.000000000,-0.766312411,0.162044379,2.298755236
0.000000000,0.000000000,-1.000000000,0.434012124,-0.000000000,0.898057932,1.009696446
0.000000000,0.000000000,-1.000000000,1.134012124,-0.000000000,0.898057932,1.181642264
0.000000000,0.000000000,-1.000000000,2.685486859,-0.000000000,0.898057932,1.562741683
0.000000000,0.000000000,-1.000000000,0.000000000,-0.000000000,0.898057932,1.009696446
0.000000000,0.000000000,-1.000000000,3.000000000,-0.000000000,0.898057932,1.562741683
0.000000000,1.000000000,0.000000000,0.434012124,1.047801627,-0.141261412,2.049015790
0.000000000,1.000000000,0.000000000,1.134012124,1.047801627,-0.141261412,2.220961608
0.000000000,1.000000000,0.000000000,2.685486859,1.047801627,-0.141261412,2.602061027
0.000000000,1.000000000,0.000000000,0.000000000,1.047801627,-0.141261412,2.049015790
0.000000000,1.000000000,0.000000000,3.000000000,1.047801627,-0.141261412,2.602061027
0.000000000,-1.000000000,0.000000000,0.434012124,-1.082104140,-0.141261412,2.049015790
0.000000000,-1.000000000,0.000000000,1.134012124,-1.082104140,-0.141261412,2.220961608
0.000000000,-1.000000000,0.000000000,2.685486859,-1.082104140,-0.141261412,2.602061027
0.000000000,-1.000000000,0.000000000,0.000000000,-1.082104140,-0.141261412,2.049015790
0.000000000,-1.000000000,0.000000000,3.000000000,-1.082104140,-0.141261412,2.602061027
0.935468912,-0.076917748,0.344937060,0.434012124,-0.013382209,0.773339611,1.134414767
0.935468912,-0.076917748,0.344937060,1.134012124,-0.013382209,0.773339611,1.306360585
0.935468912,-0.076917748,0.344937060,2.685486859,-0.013382209,0.773339611,1.687460004
0.935468912,-0.076917748,0.344937060,0.000000000,-0.013382209,0.773339611,1.134414767
0.935468912,-0.076917748,0.344937060,3.000000000,-0.013382209,0.773339611,1.687460004
0.920690919,-0.017956204,0.389879221,0.434012124,-0.009076631,0.773339611,1.134414767
0.920690919,-0.017956204,0.389879221,1.134012124,-0.009076631,0.773339611,1.306360585
0.920690919,-0.017956204,0.389879221,2.685486859,-0.009076631,0.773339611,1.687460004
0.920690919,-0.017956204,0.389879221,0.000000000,-0.009076631,0.773339611,1.134414767
0.920690919,-0.017956204,0.389879221,3.000000000,-0.009076631,0.773339611,1.687460004
0.914698681,0.100872165,0.391345281,0.434012124,0.008986923,0.773339611,1.134414767
0.914698681,0.100872165,0.391345281,1.134012124,0.008986923,0.773339611,1.306360585
0.914698681,0.100872165,0.391345281,2.685486859,0.008986923,0.773339611,1.687460004
0.914698681,0.100872165,0.391345281,0.000000000,0.008986923,0.773339611,1.134414767
0.914698681,0.100872165,0.391345281,3.000000000,0.008986923,0.773339611,1.687460004
0.923415343,0.162109151,0.347886084,0.434012124,0.013382209,0.773339611,1.134414767
0.923415343,0.162109151,0.347886084,1.134012124,0.013382209,0.773339611,1.306360585
0.923415343,0.162109151,0.347886084,2.685486859,0.013382209,0.773339611,1.687460004
0.923415343,0.162109151,0.347886084,0.000000000,0.013382209,0.773339611,1.134414767
0.923415343,0.162109151,0.347886084,3.000000000,0.013382209,0.773339611,1.687460004
0.903409770,-0.157696994,0.398726028,0.434012124,-0.628160449,0.690194063,1.217560315
0.903409770,-0.157696994,0.398726028,1.134012124,-0.628160449,0.690194063,1.389506133
0.903409770,-0.157696994,0.398726028,2.685486859,-0.628160449,0.690194063,1.770605552
0.903409770,-0.157696994,0.398726028,0.000000000,-0.628160449,0.690194063,1.217560315
0.903409770,-0.157696994,0.398726028,3.000000000,-0.628160449,0.690194063,1.770605552
0.878951370,-0.060112363,0.473107802,0.434012124,-0.426056779,0.690194063,1.217560315
0.878951370,-0.060112363,0.473107802,1.134012124,-0.426056779,0.690194063,1.389506133
0.878951370,-0.060112363,0.473107802,2.685486859,-0.426056779,0.690194063,1.770605552
0.878951370,-0.060112363,0.473107802,0.000000000,-0.426056779,0.690194063,1.217560315
0.878951370,-0.060112363,0.473107802,3.000000000,-0.426056779,0.690194063,1.770605552
0.869033884,0.136555192,0.475534213,0.434012124,0.421845849,0.690194063,1.217560315
0.869033884,0.136555192,0.475534213,1.134012124,0.421845849,0.690194063,1.389506133
0.869033884,0.136555192,0.475534213,2.685486859,0.421845849,0.690194063,1.770605552
0.869033884,0.136555192,0.475534213,0.000000000,0.421845849,0.690194063,1.217560315
0.869033884,0.136555192,0.475534213,3.000000000,0.421845849,0.690194063,1.770605552
0.883460444,0.237905809,0.403606827,0.434012124,0.628160449,0.690194063,1.217560315
0.883460444,0.237905809,0.403606827,1.134012124,0.628160449,0.690194063,1.389506133
0.883460444,0.237905809,0.403606827,2.685486859,0.628160449,0.690194063,1.770605552
0.883460444,0.237905809,0.403606827,0.000000000,0.628160449,0.690194063,1.217560315
0.883460444,0.237905809,0.403606827,3.000000000,0.628160449,0.690194063,1.770605552
0.861913313,-0.236828887,0.448349773,0.434012124,-1.082104140,0.607048516,1.300705862
0.861913313,-0.236828887,0.448349773,1.134012124,-1.082104140,0.607048516,1.472651680
0.861913313,-0.236828887,0.448349773,2.685486859,-1.082104140,0.607048516,1.853751099
0.861913313,-0.236828887,0.448349773,0.000000000,-1.082104140,0.607048516,1.300705862
0.861913313,-0.236828887,0.448349773,3.000000000,-1.082104140,0.607048516,1.853751099
0.828030007,-0.101640568,0.551394144,0.434012124,-0.733949113,0.607048516,1.300705862
0.828030007,-0.101640568,0.551394144,1.134012124,-0.733949113,0.607048516,1.472651680
0.828030007,-0.101640568,0.551394144,2.685486859,-0.733949113,0.607048516,1.853751099
0.828030007,-0.101640568,0.551394144,0.000000000,-0.733949113,0.607048516,1.300705862
0.828030007,-0.101640568,0.551394144,3.000000000,-0.733949113,0.607048516,1.853751099
0.814290874,0.170811718,0.554755558,0.434012124,0.726695131,0.607048516,1.300705862
0.814290874,0.170811718,0.554755558,1.134012124,0.726695131,0.607048516,1.472651680
0.814290874,0.170811718,0.554755558,2.685486859,0.726695131,0.607048516,1.853751099
0.814290874,0.170811718,0.554755558,0.000000000,0.726695131,0.607048516,1.300705862
0.814290874,0.170811718,0.554755558,3.000000000,0.726695131,0.607048516,1.853751099
0.834276626,0.311217223,0.455111361,0.434012124,1.082104140,0.607048516,1.300705862
0.834276626,0.311217223,0.455111361,1.134012124,1.082104140,0.607048516,1.472651680
0.834276626,0.311217223,0.455111361,2.685486859,1.082104140,0.607048516,1.853751099
0.834276626,0.311217223,0.455111361,0.000000000,1.082104140,0.607048516,1.300705862
0.834276626,0.311217223,0.455111361,3.000000000,1.082104140,0.607048516,1.853751099
