ax,ay,az,elbow_bend,shoulder_us,elbow_us,base_us
-0.447000000,0.495000000,1.226000000,0.434012124,1500,500,2158
-0.447000000,0.495000000,1.226000000,0.934012124,1633,500,2158
-0.447000000,0.495000000,1.226000000,1.634012124,1820,500,2158
-0.447000000,0.495000000,1.226000000,2.685486859,2100,500,2158
-0.447000000,0.495000000,1.226000000,0.000000000,1500,500,2158
-0.447000000,0.495000000,1.226000000,3.100000000,2100,500,2158
-0.444000000,0.498000000,1.224000000,0.434012124,1500,500,2162
-0.444000000,0.498000000,1.224000000,0.934012124,1633,500,2162
-0.444000000,0.498000000,1.224000000,1.634012124,1820,500,2162
-0.444000000,0.498000000,1.224000000,2.685486859,2100,500,2162
-0.444000000,0.498000000,1.224000000,0.000000000,1500,500,2162
-0.444000000,0.498000000,1.224000000,3.100000000,2100,500,2162
-0.444000000,0.500000000,1.227000000,0.434012124,1500,500,2163
-0.444000000,0.500000000,1.227000000,0.934012124,1633,500,2163
-0.444000000,0.500000000,1.227000000,1.634012124,1820,500,2163
-0.444000000,0.500000000,1.227000000,2.685486859,2100,500,2163
-0.444000000,0.500000000,1.227000000,0.000000000,1500,500,2163
-0.444000000,0.500000000,1.227000000,3.100000000,2100,500,2163
-0.437000000,0.503000000,1.223000000,0.434012124,1500,500,2169
-0.437000000,0.503000000,1.223000000,0.934012124,1633,500,2169
-0.437000000,0.503000000,1.223000000,1.634012124,1820,500,2169
-0.437000000,0.503000000,1.223000000,2.685486859,2100,500,2169
-0.437000000,0.503000000,1.223000000,0.000000000,1500,500,2169
-0.437000000,0.503000000,1.223000000,3.100000000,2100,500,2169
-0.430000000,0.508000000,1.219000000,0.434012124,1500,500,2177
-0.430000000,0.508000000,1.219000000,0.934012124,1633,500,2177
-0.430000000,0.508000000,1.219000000,1.634012124,1820,500,2177
-0.430000000,0.508000000,1.219000000,2.685486859,2100,500,2177
-0.430000000,0.508000000,1.219000000,0.000000000,1500,500,2177
-0.430000000,0.508000000,1.219000000,3.100000000,2100,500,2177
-0.427000000,0.514000000,1.221000000,0.434012124,1500,500,2183
-0.427000000,0.514000000,1.221000000,0.934012124,1633,500,2183
-0.427000000,0.514000000,1.221000000,1.634012124,1820,500,2183
-0.427000000,0.514000000,1.221000000,2.685486859,2100,500,2183
-0.427000000,0.514000000,1.221000000,0.000000000,1500,500,2183
-0.427000000,0.514000000,1.221000000,3.100000000,2100,500,2183
-0.433000000,0.502000000,1.221000000,0.434012124,1500,500,2169
-0.433000000,0.502000000,1.221000000,0.934012124,1633,500,2169
-0.433000000,0.502000000,1.221000000,1.634012124,1820,500,2169
-0.433000000,0.502000000,1.221000000,2.685486859,2100,500,2169
-0.433000000,0.502000000,1.221000000,0.000000000,1500,500,2169
-0.433000000,0.502000000,1.221000000,3.100000000,2100,500,2169
-0.511000000,0.456000000,1.240000000,0.434012124,1500,500,2105
-0.511000000,0.456000000,1.240000000,0.934012124,1633,500,2105
-0.511000000,0.456000000,1.240000000,1.634012124,1820,500,2105
-0.511000000,0.456000000,1.240000000,2.685486859,2100,500,2105
-0.511000000,0.456000000,1.240000000,0.000000000,1500,500,2105
-0.511000000,0.456000000,1.240000000,3.100000000,2100,500,2105
0.022000000,0.747000000,1.238000000,0.434012124,1500,500,2466
0.022000000,0.747000000,1.238000000,0.934012124,1633,500,2466
0.022000000,0.747000000,1.238000000,1.634012124,1820,500,2466
0.022000000,0.747000000,1.238000000,2.685486859,2100,500,2466
0.022000000,0.747000000,1.238000000,0.000000000,1500,500,2466
0.022000000,0.747000000,1.238000000,3.100000000,2100,500,2466
0.106000000,0.783000000,1.192000000,0.434012124,1500,519,2500
0.106000000,0.783000000,1.192000000,0.934012124,1633,520,2500
0.106000000,0.783000000,1.192000000,1.634012124,1820,517,2500
0.106000000,0.783000000,1.192000000,2.685486859,2100,509,2500
0.106000000,0.783000000,1.192000000,0.000000000,1500,519,2500
0.106000000,0.783000000,1.192000000,3.100000000,2100,509,2500
0.172000000,0.870000000,1.227000000,0.434012124,1500,546,2500
0.172000000,0.870000000,1.227000000,0.934012124,1633,550,2500
0.172000000,0.870000000,1.227000000,1.634012124,1820,543,2500
0.172000000,0.870000000,1.227000000,2.685486859,2100,523,2500
0.172000000,0.870000000,1.227000000,0.000000000,1500,546,2500
0.172000000,0.870000000,1.227000000,3.100000000,2100,523,2500
0.196000000,0.945000000,1.196000000,0.434012124,1500,552,2500
0.196000000,0.945000000,1.196000000,0.934012124,1633,556,2500
0.196000000,0.945000000,1.196000000,1.634012124,1820,548,2500
0.196000000,0.945000000,1.196000000,2.685486859,2100,526,2500
0.196000000,0.945000000,1.196000000,0.000000000,1500,552,2500
0.196000000,0.945000000,1.196000000,3.100000000,2100,526,2500
0.265000000,0.917000000,1.194000000,0.434012124,1500,589,2500
0.265000000,0.917000000,1.194000000,0.934012124,1633,596,2500
0.265000000,0.917000000,1.194000000,1.634012124,1820,583,2500
0.265000000,0.917000000,1.194000000,2.685486859,2100,545,2500
0.265000000,0.917000000,1.194000000,0.000000000,1500,589,2500
0.265000000,0.917000000,1.194000000,3.100000000,2100,545,2500
0.254000000,0.949000000,1.118000000,0.434012124,1500,582,2500
0.254000000,0.949000000,1.118000000,0.934012124,1633,589,2500
0.254000000,0.949000000,1.118000000,1.634012124,1820,576,2500
0.254000000,0.949000000,1.118000000,2.685486859,2100,541,2500
0.254000000,0.949000000,1.118000000,0.000000000,1500,582,2500
0.254000000,0.949000000,1.118000000,3.100000000,2100,541,2500
0.020000000,0.951000000,1.115000000,0.434012124,1500,500,2500
0.020000000,0.951000000,1.115000000,0.934012124,1633,500,2500
0.020000000,0.951000000,1.115000000,1.634012124,1820,500,2500
0.020000000,0.951000000,1.115000000,2.685486859,2100,500,2500
0.020000000,0.951000000,1.115000000,0.000000000,1500,500,2500
0.020000000,0.951000000,1.115000000,3.100000000,2100,500,2500
0.075000000,0.999000000,1.189000000,0.434012124,1500,500,2500
0.075000000,0.999000000,1.189000000,0.934012124,1633,500,2500
0.075000000,0.999000000,1.189000000,1.634012124,1820,500,2500
0.075000000,0.999000000,1.189000000,2.685486859,2100,500,2500
0.075000000,0.999000000,1.189000000,0.000000000,1500,500,2500
0.075000000,0.999000000,1.189000000,3.100000000,2100,500,2500
0.106000000,1.071000000,1.173000000,0.434012124,1500,500,2500
0.106000000,1.071000000,1.173000000,0.934012124,1633,500,2500
0.106000000,1.071000000,1.173000000,1.634012124,1820,500,2500
0.106000000,1.071000000,1.173000000,2.685486859,2100,500,2500
0.106000000,1.071000000,1.173000000,0.000000000,1500,500,2500
0.106000000,1.071000000,1.173000000,3.100000000,2100,500,2500
0.136000000,1.143000000,1.220000000,0.434012124,1500,507,2500
0.136000000,1.143000000,1.220000000,0.934012124,1633,507,2500
0.136000000,1.143000000,1.220000000,1.634012124,1820,506,2500
0.136000000,1.143000000,1.220000000,2.685486859,2100,503,2500
0.136000000,1.143000000,1.220000000,0.000000000,1500,507,2500
0.136000000,1.143000000,1.220000000,3.100000000,2100,503,2500
0.167000000,1.212000000,1.197000000,0.434012124,1500,515,2500
0.167000000,1.212000000,1.197000000,0.934012124,1633,516,2500
0.167000000,1.212000000,1.197000000,1.634012124,1820,514,2500
0.167000000,1.212000000,1.197000000,2.685486859,2100,507,2500
0.167000000,1.212000000,1.197000000,0.000000000,1500,515,2500
0.167000000,1.212000000,1.197000000,3.100000000,2100,507,2500
0.173000000,1.276000000,1.197000000,0.434012124,1500,512,2500
0.173000000,1.276000000,1.197000000,0.934012124,1633,513,2500
0.173000000,1.276000000,1.197000000,1.634012124,1820,511,2500
0.173000000,1.276000000,1.197000000,2.685486859,2100,506,2500
0.173000000,1.276000000,1.197000000,0.000000000,1500,512,2500
0.173000000,1.276000000,1.197000000,3.100000000,2100,506,2500
0.200000000,1.340000000,1.190000000,0.434012124,1500,518,2500
0.200000000,1.340000000,1.190000000,0.934012124,1633,520,2500
0.200000000,1.340000000,1.190000000,1.634012124,1820,517,2500
0.200000000,1.340000000,1.190000000,2.685486859,2100,509,2500
0.200000000,1.340000000,1.190000000,0.000000000,1500,518,2500
0.200000000,1.340000000,1.190000000,3.100000000,2100,509,2500
0.161000000,1.400000000,1.178000000,0.434012124,1500,500,2500
0.161000000,1.400000000,1.178000000,0.934012124,1633,500,2500
0.161000000,1.400000000,1.178000000,1.634012124,1820,500,2500
0.161000000,1.400000000,1.178000000,2.685486859,2100,500,2500
0.161000000,1.400000000,1.178000000,0.000000000,1500,500,2500
0.161000000,1.400000000,1.178000000,3.100000000,2100,500,2500
0.199000000,1.424000000,1.174000000,0.434012124,1500,511,2500
0.199000000,1.424000000,1.174000000,0.934012124,1633,511,2500
0.199000000,1.424000000,1.174000000,1.634012124,1820,510,2500
0.199000000,1.424000000,1.174000000,2.685486859,2100,505,2500
0.199000000,1.424000000,1.174000000,0.000000000,1500,511,2500
0.199000000,1.424000000,1.174000000,3.100000000,2100,505,2500
0.235000000,1.477000000,1.149000000,0.434012124,1500,520,2500
0.235000000,1.477000000,1.149000000,0.934012124,1633,522,2500
0.235000000,1.477000000,1.149000000,1.634012124,1820,519,2500
0.235000000,1.477000000,1.149000000,2.685486859,2100,510,2500
0.235000000,1.477000000,1.149000000,0.000000000,1500,520,2500
0.235000000,1.477000000,1.149000000,3.100000000,2100,510,2500
0.227000000,1.506000000,1.137000000,0.434012124,1500,514,2500
0.227000000,1.506000000,1.137000000,0.934012124,1633,515,2500
0.227000000,1.506000000,1.137000000,1.634012124,1820,513,2500
0.227000000,1.506000000,1.137000000,2.685486859,2100,507,2500
0.227000000,1.506000000,1.137000000,0.000000000,1500,514,2500
0.227000000,1.506000000,1.137000000,3.100000000,2100,507,2500
0.263000000,1.560000000,1.120000000,0.434012124,1500,523,2500
0.263000000,1.560000000,1.120000000,0.934012124,1633,525,2500
0.263000000,1.560000000,1.120000000,1.634012124,1820,521,2500
0.263000000,1.560000000,1.120000000,2.685486859,2100,511,2500
0.263000000,1.560000000,1.120000000,0.000000000,1500,523,2500
0.263000000,1.560000000,1.120000000,3.100000000,2100,511,2500
0.254000000,1.613000000,1.137000000,0.434012124,1500,515,2500
0.254000000,1.613000000,1.137000000,0.934012124,1633,517,2500
0.254000000,1.613000000,1.137000000,1.634012124,1820,514,2500
0.254000000,1.613000000,1.137000000,2.685486859,2100,508,2500
0.254000000,1.613000000,1.137000000,0.000000000,1500,515,2500
0.254000000,1.613000000,1.137000000,3.100000000,2100,508,2500
0.306000000,1.631000000,1.100000000,0.434012124,1500,532,2500
0.306000000,1.631000000,1.100000000,0.934012124,1633,535,2500
0.306000000,1.631000000,1.100000000,1.634012124,1820,530,2500
0.306000000,1.631000000,1.100000000,2.685486859,2100,516,2500
0.306000000,1.631000000,1.100000000,0.000000000,1500,532,2500
0.306000000,1.631000000,1.100000000,3.100000000,2100,516,2500
0.302000000,1.673000000,1.104000000,0.434012124,1500,527,2500
0.302000000,1.673000000,1.104000000,0.934012124,1633,529,2500
0.302000000,1.673000000,1.104000000,1.634012124,1820,525,2500
0.302000000,1.673000000,1.104000000,2.685486859,2100,514,2500
0.302000000,1.673000000,1.104000000,0.000000000,1500,527,2500
0.302000000,1.673000000,1.104000000,3.100000000,2100,514,2500
0.310000000,1.723000000,1.085000000,0.434012124,1500,525,2500
0.310000000,1.723000000,1.085000000,0.934012124,1633,527,2500
0.310000000,1.723000000,1.085000000,1.634012124,1820,523,2500
0.310000000,1.723000000,1.085000000,2.685486859,2100,513,2500
0.310000000,1.723000000,1.085000000,0.000000000,1500,525,2500
0.310000000,1.723000000,1.085000000,3.100000000,2100,513,2500
0.343000000,1.752000000,1.081000000,0.434012124,1500,534,2500
0.343000000,1.752000000,1.081000000,0.934012124,1633,537,2500
0.343000000,1.752000000,1.081000000,1.634012124,1820,532,2500
0.343000000,1.752000000,1.081000000,2.685486859,2100,517,2500
0.343000000,1.752000000,1.081000000,0.000000000,1500,534,2500
0.343000000,1.752000000,1.081000000,3.100000000,2100,517,2500
0.387000000,1.780000000,1.081000000,0.434012124,1500,548,2500
0.387000000,1.780000000,1.081000000,0.934012124,1633,551,2500
0.387000000,1.780000000,1.081000000,1.634012124,1820,544,2500
0.387000000,1.780000000,1.081000000,2.685486859,2100,524,2500
0.387000000,1.780000000,1.081000000,0.000000000,1500,548,2500
0.387000000,1.780000000,1.081000000,3.100000000,2100,524,2500
0.364000000,1.841000000,1.080000000,0.434012124,1500,534,2500
0.364000000,1.841000000,1.080000000,0.934012124,1633,536,2500
0.364000000,1.841000000,1.080000000,1.634012124,1820,531,2500
0.364000000,1.841000000,1.080000000,2.685486859,2100,517,2500
0.364000000,1.841000000,1.080000000,0.000000000,1500,534,2500
0.364000000,1.841000000,1.080000000,3.100000000,2100,517,2500
0.409000000,1.862000000,1.051000000,0.434012124,1500,546,2500
0.409000000,1.862000000,1.051000000,0.934012124,1633,550,2500
0.409000000,1.862000000,1.051000000,1.634012124,1820,543,2500
0.409000000,1.862000000,1.051000000,2.685486859,2100,523,2500
0.409000000,1.862000000,1.051000000,0.000000000,1500,546,2500
0.409000000,1.862000000,1.051000000,3.100000000,2100,523,2500
0.498000000,1.860000000,1.070000000,0.434012124,1500,578,2500
0.498000000,1.860000000,1.070000000,0.934012124,1633,584,2500
0.498000000,1.860000000,1.070000000,1.634012124,1820,572,2500
0.498000000,1.860000000,1.070000000,2.685486859,2100,539,2500
0.498000000,1.860000000,1.070000000,0.000000000,1500,578,2500
0.498000000,1.860000000,1.070000000,3.100000000,2100,539,2500
0.481000000,1.878000000,1.057000000,0.434012124,1500,570,2500
0.481000000,1.878000000,1.057000000,0.934012124,1633,575,2500
0.481000000,1.878000000,1.057000000,1.634012124,1820,564,2500
0.481000000,1.878000000,1.057000000,2.685486859,2100,535,2500
0.481000000,1.878000000,1.057000000,0.000000000,1500,570,2500
0.481000000,1.878000000,1.057000000,3.100000000,2100,535,2500
0.480000000,1.887000000,1.053000000,0.434012124,1500,568,2500
0.480000000,1.887000000,1.053000000,0.934012124,1633,573,2500
0.480000000,1.887000000,1.053000000,1.634012124,1820,563,2500
0.480000000,1.887000000,1.053000000,2.685486859,2100,534,2500
0.480000000,1.887000000,1.053000000,0.000000000,1500,568,2500
0.480000000,1.887000000,1.053000000,3.100000000,2100,534,2500
0.502000000,1.888000000,1.048000000,0.434012124,1500,575,2500
0.502000000,1.888000000,1.048000000,0.934012124,1633,581,2500
0.502000000,1.888000000,1.048000000,1.634012124,1820,570,2500
0.502000000,1.888000000,1.048000000,2.685486859,2100,538,2500
0.502000000,1.888000000,1.048000000,0.000000000,1500,575,2500
0.502000000,1.888000000,1.048000000,3.100000000,2100,538,2500
0.513000000,1.908000000,1.059000000,0.434012124,1500,577,2500
0.513000000,1.908000000,1.059000000,0.934012124,1633,583,2500
0.513000000,1.908000000,1.059000000,1.634012124,1820,571,2500
0.513000000,1.908000000,1.059000000,2.685486859,2100,539,2500
0.513000000,1.908000000,1.059000000,0.000000000,1500,577,2500
0.513000000,1.908000000,1.059000000,3.100000000,2100,539,2500
0.542000000,1.905000000,1.055000000,0.434012124,1500,587,2500
0.542000000,1.905000000,1.055000000,0.934012124,1633,594,2500
0.542000000,1.905000000,1.055000000,1.634012124,1820,580,2500
0.542000000,1.905000000,1.055000000,2.685486859,2100,543,2500
0.542000000,1.905000000,1.055000000,0.000000000,1500,587,2500
0.542000000,1.905000000,1.055000000,3.100000000,2100,543,2500
0.553000000,1.918000000,1.042000000,0.434012124,1500,589,2500
0.553000000,1.918000000,1.042000000,0.934012124,1633,596,2500
0.553000000,1.918000000,1.042000000,1.634012124,1820,582,2500
0.553000000,1.918000000,1.042000000,2.685486859,2100,544,2500
0.553000000,1.918000000,1.042000000,0.000000000,1500,589,2500
0.553000000,1.918000000,1.042000000,3.100000000,2100,544,2500
0.536000000,1.917000000,1.048000000,0.434012124,1500,583,2500
0.536000000,1.917000000,1.048000000,0.934012124,1633,590,2500
0.536000000,1.917000000,1.048000000,1.634012124,1820,577,2500
0.536000000,1.917000000,1.048000000,2.685486859,2100,542,2500
0.536000000,1.917000000,1.048000000,0.000000000,1500,583,2500
0.536000000,1.917000000,1.048000000,3.100000000,2100,542,2500
0.502000000,1.907000000,1.044000000,0.434012124,1500,573,2500
0.502000000,1.907000000,1.044000000,0.934012124,1633,579,2500
0.502000000,1.907000000,1.044000000,1.634012124,1820,568,2500
0.502000000,1.907000000,1.044000000,2.685486859,2100,537,2500
0.502000000,1.907000000,1.044000000,0.000000000,1500,573,2500
0.502000000,1.907000000,1.044000000,3.100000000,2100,537,2500
0.502000000,1.894000000,1.058000000,0.434012124,1500,575,2500
0.502000000,1.894000000,1.058000000,0.934012124,1633,581,2500
0.502000000,1.894000000,1.058000000,1.634012124,1820,569,2500
0.502000000,1.894000000,1.058000000,2.685486859,2100,537,2500
0.502000000,1.894000000,1.058000000,0.000000000,1500,575,2500
0.502000000,1.894000000,1.058000000,3.100000000,2100,537,2500
0.516000000,1.910000000,1.042000000,0.434012124,1500,577,2500
0.516000000,1.910000000,1.042000000,0.934012124,1633,583,2500
0.516000000,1.910000000,1.042000000,1.634012124,1820,572,2500
0.516000000,1.910000000,1.042000000,2.685486859,2100,539,2500
0.516000000,1.910000000,1.042000000,0.000000000,1500,577,2500
0.516000000,1.910000000,1.042000000,3.100000000,2100,539,2500
0.588000000,1.895000000,1.052000000,0.434012124,1500,603,2500
0.588000000,1.895000000,1.052000000,0.934012124,1633,611,2500
0.588000000,1.895000000,1.052000000,1.634012124,1820,595,2500
0.588000000,1.895000000,1.052000000,2.685486859,2100,552,2500
0.588000000,1.895000000,1.052000000,0.000000000,1500,603,2500
0.588000000,1.895000000,1.052000000,3.100000000,2100,552,2500
0.534000000,1.888000000,1.046000000,0.434012124,1500,586,2500
0.534000000,1.888000000,1.046000000,0.934012124,1633,593,2500
0.534000000,1.888000000,1.046000000,1.634012124,1820,579,2500
0.534000000,1.888000000,1.046000000,2.685486859,2100,543,2500
0.534000000,1.888000000,1.046000000,0.000000000,1500,586,2500
0.534000000,1.888000000,1.046000000,3.100000000,2100,543,2500
0.483000000,1.886000000,1.050000000,0.434012124,1500,569,2500
0.483000000,1.886000000,1.050000000,0.934012124,1633,574,2500
0.483000000,1.886000000,1.050000000,1.634012124,1820,564,2500
0.483000000,1.886000000,1.050000000,2.685486859,2100,535,2500
0.483000000,1.886000000,1.050000000,0.000000000,1500,569,2500
0.483000000,1.886000000,1.050000000,3.100000000,2100,535,2500
0.561000000,1.877000000,1.048000000,0.434012124,1500,596,2500
0.561000000,1.877000000,1.048000000,0.934012124,1633,604,2500
0.561000000,1.877000000,1.048000000,1.634012124,1820,589,2500
0.561000000,1.877000000,1.048000000,2.685486859,2100,548,2500
0.561000000,1.877000000,1.048000000,0.000000000,1500,596,2500
0.561000000,1.877000000,1.048000000,3.100000000,2100,548,2500
0.611000000,1.901000000,1.066000000,0.434012124,1500,610,2500
0.611000000,1.901000000,1.066000000,0.934012124,1633,619,2500
0.611000000,1.901000000,1.066000000,1.634012124,1820,602,2500
0.611000000,1.901000000,1.066000000,2.685486859,2100,555,2500
0.611000000,1.901000000,1.066000000,0.000000000,1500,610,2500
0.611000000,1.901000000,1.066000000,3.100000000,2100,555,2500
0.599000000,1.936000000,1.045000000,0.434012124,1500,602,2500
0.599000000,1.936000000,1.045000000,0.934012124,1633,610,2500
0.599000000,1.936000000,1.045000000,1.634012124,1820,594,2500
0.599000000,1.936000000,1.045000000,2.685486859,2100,551,2500
0.599000000,1.936000000,1.045000000,0.000000000,1500,602,2500
0.599000000,1.936000000,1.045000000,3.100000000,2100,551,2500
0.624000000,1.939000000,1.067000000,0.434012124,1500,610,2500
0.624000000,1.939000000,1.067000000,0.934012124,1633,619,2500
0.624000000,1.939000000,1.067000000,1.634012124,1820,602,2500
0.624000000,1.939000000,1.067000000,2.685486859,2100,555,2500
0.624000000,1.939000000,1.067000000,0.000000000,1500,610,2500
0.624000000,1.939000000,1.067000000,3.100000000,2100,555,2500
0.625000000,1.947000000,1.045000000,0.434012124,1500,609,2500
0.625000000,1.947000000,1.045000000,0.934012124,1633,617,2500
0.625000000,1.947000000,1.045000000,1.634012124,1820,601,2500
0.625000000,1.947000000,1.045000000,2.685486859,2100,554,2500
0.625000000,1.947000000,1.045000000,0.000000000,1500,609,2500
0.625000000,1.947000000,1.045000000,3.100000000,2100,554,2500
0.640000000,1.956000000,1.040000000,0.434012124,1500,612,2500
0.640000000,1.956000000,1.040000000,0.934012124,1633,621,2500
0.640000000,1.956000000,1.040000000,1.634012124,1820,604,2500
0.640000000,1.956000000,1.040000000,2.685486859,2100,556,2500
0.640000000,1.956000000,1.040000000,0.000000000,1500,612,2500
0.640000000,1.956000000,1.040000000,3.100000000,2100,556,2500
0.666000000,1.948000000,1.045000000,0.434012124,1500,622,2500
0.666000000,1.948000000,1.045000000,0.934012124,1633,631,2500
0.666000000,1.948000000,1.045000000,1.634012124,1820,613,2500
0.666000000,1.948000000,1.045000000,2.685486859,2100,561,2500
0.666000000,1.948000000,1.045000000,0.000000000,1500,622,2500
0.666000000,1.948000000,1.045000000,3.100000000,2100,561,2500
0.642000000,1.933000000,1.044000000,0.434012124,1500,616,2500
0.642000000,1.933000000,1.044000000,0.934012124,1633,625,2500
0.642000000,1.933000000,1.044000000,1.634012124,1820,607,2500
0.642000000,1.933000000,1.044000000,2.685486859,2100,558,2500
0.642000000,1.933000000,1.044000000,0.000000000,1500,616,2500
0.642000000,1.933000000,1.044000000,3.100000000,2100,558,2500
0.582000000,1.926000000,1.040000000,0.434012124,1500,597,2500
0.582000000,1.926000000,1.040000000,0.934012124,1633,605,2500
0.582000000,1.926000000,1.040000000,1.634012124,1820,590,2500
0.582000000,1.926000000,1.040000000,2.685486859,2100,549,2500
0.582000000,1.926000000,1.040000000,0.000000000,1500,597,2500
0.582000000,1.926000000,1.040000000,3.100000000,2100,549,2500
0.450000000,1.893000000,1.038000000,0.434012124,1500,557,2500
0.450000000,1.893000000,1.038000000,0.934012124,1633,561,2500
0.450000000,1.893000000,1.038000000,1.634012124,1820,553,2500
0.450000000,1.893000000,1.038000000,2.685486859,2100,528,2500
0.450000000,1.893000000,1.038000000,0.000000000,1500,557,2500
0.450000000,1.893000000,1.038000000,3.100000000,2100,528,2500
0.321000000,1.838000000,1.045000000,0.434012124,1500,518,2500
0.321000000,1.838000000,1.045000000,0.934012124,1633,519,2500
0.321000000,1.838000000,1.045000000,1.634012124,1820,516,2500
0.321000000,1.838000000,1.045000000,2.685486859,2100,509,2500
0.321000000,1.838000000,1.045000000,0.000000000,1500,518,2500
0.321000000,1.838000000,1.045000000,3.100000000,2100,509,2500
0.255000000,1.758000000,1.069000000,0.434012124,1500,501,2500
0.255000000,1.758000000,1.069000000,0.934012124,1633,501,2500
0.255000000,1.758000000,1.069000000,1.634012124,1820,501,2500
0.255000000,1.758000000,1.069000000,2.685486859,2100,501,2500
0.255000000,1.758000000,1.069000000,0.000000000,1500,501,2500
0.255000000,1.758000000,1.069000000,3.100000000,2100,501,2500
0.156000000,1.687000000,1.071000000,0.434012124,1500,500,2500
0.156000000,1.687000000,1.071000000,0.934012124,1633,500,2500
0.156000000,1.687000000,1.071000000,1.634012124,1820,500,2500
0.156000000,1.687000000,1.071000000,2.685486859,2100,500,2500
0.156000000,1.687000000,1.071000000,0.000000000,1500,500,2500
0.156000000,1.687000000,1.071000000,3.100000000,2100,500,2500
0.112000000,1.571000000,1.113000000,0.434012124,1500,500,2500
0.112000000,1.571000000,1.113000000,0.934012124,1633,500,2500
0.112000000,1.571000000,1.113000000,1.634012124,1820,500,2500
0.112000000,1.571000000,1.113000000,2.685486859,2100,500,2500
0.112000000,1.571000000,1.113000000,0.000000000,1500,500,2500
0.112000000,1.571000000,1.113000000,3.100000000,2100,500,2500
0.059000000,1.524000000,1.142000000,0.434012124,1500,500,2500
0.059000000,1.524000000,1.142000000,0.934012124,1633,500,2500
0.059000000,1.524000000,1.142000000,1.634012124,1820,500,2500
0.059000000,1.524000000,1.142000000,2.685486859,2100,500,2500
0.059000000,1.524000000,1.142000000,0.000000000,1500,500,2500
0.059000000,1.524000000,1.142000000,3.100000000,2100,500,2500
0.030000000,1.399000000,1.140000000,0.434012124,1500,500,2500
0.030000000,1.399000000,1.140000000,0.934012124,1633,500,2500
0.030000000,1.399000000,1.140000000,1.634012124,1820,500,2500
0.030000000,1.399000000,1.140000000,2.685486859,2100,500,2500
0.030000000,1.399000000,1.140000000,0.000000000,1500,500,2500
0.030000000,1.399000000,1.140000000,3.100000000,2100,500,2500
0.024000000,1.255000000,1.154000000,0.434012124,1500,500,2500
0.024000000,1.255000000,1.154000000,0.934012124,1633,500,2500
0.024000000,1.255000000,1.154000000,1.634012124,1820,500,2500
0.024000000,1.255000000,1.154000000,2.685486859,2100,500,2500
0.024000000,1.255000000,1.154000000,0.000000000,1500,500,2500
0.024000000,1.255000000,1.154000000,3.100000000,2100,500,2500
0.014000000,1.164000000,1.152000000,0.434012124,1500,500,2500
0.014000000,1.164000000,1.152000000,0.934012124,1633,500,2500
0.014000000,1.164000000,1.152000000,1.634012124,1820,500,2500
0.014000000,1.164000000,1.152000000,2.685486859,2100,500,2500
0.014000000,1.164000000,1.152000000,0.000000000,1500,500,2500
0.014000000,1.164000000,1.152000000,3.100000000,2100,500,2500
-0.045000000,1.127000000,1.186000000,0.434012124,1500,500,2500
-0.045000000,1.127000000,1.186000000,0.934012124,1633,500,2500
-0.045000000,1.127000000,1.186000000,1.634012124,1820,500,2500
-0.045000000,1.127000000,1.186000000,2.685486859,2100,500,2500
-0.045000000,1.127000000,1.186000000,0.000000000,1500,500,2500
-0.045000000,1.127000000,1.186000000,3.100000000,2100,500,2500
-0.083000000,1.105000000,1.169000000,0.434012124,1500,500,2500
-0.083000000,1.105000000,1.169000000,0.934012124,1633,500,2500
-0.083000000,1.105000000,1.169000000,1.634012124,1820,500,2500
-0.083000000,1.105000000,1.169000000,2.685486859,2100,500,2500
-0.083000000,1.105000000,1.169000000,0.000000000,1500,500,2500
-0.083000000,1.105000000,1.169000000,3.100000000,2100,500,2500
-0.104000000,1.101000000,1.121000000,0.434012124,1500,500,2500
-0.104000000,1.101000000,1.121000000,0.934012124,1633,500,2500
-0.104000000,1.101000000,1.121000000,1.634012124,1820,500,2500
-0.104000000,1.101000000,1.121000000,2.685486859,2100,500,2500
-0.104000000,1.101000000,1.121000000,0.000000000,1500,500,2500
-0.104000000,1.101000000,1.121000000,3.100000000,2100,500,2500
0.030000000,0.987000000,1.080000000,0.434012124,1500,500,2500
0.030000000,0.987000000,1.080000000,0.934012124,1633,500,2500
0.030000000,0.987000000,1.080000000,1.634012124,1820,500,2500
0.030000000,0.987000000,1.080000000,2.685486859,2100,500,2500
0.030000000,0.987000000,1.080000000,0.000000000,1500,500,2500
0.030000000,0.987000000,1.080000000,3.100000000,2100,500,2500
0.057000000,0.959000000,1.100000000,0.434012124,1500,500,2500
0.057000000,0.959000000,1.100000000,0.934012124,1633,500,2500
0.057000000,0.959000000,1.100000000,1.634012124,1820,500,2500
0.057000000,0.959000000,1.100000000,2.685486859,2100,500,2500
0.057000000,0.959000000,1.100000000,0.000000000,1500,500,2500
0.057000000,0.959000000,1.100000000,3.100000000,2100,500,2500
0.082000000,0.948000000,1.091000000,0.434012124,1500,500,2500
0.082000000,0.948000000,1.091000000,0.934012124,1633,500,2500
0.082000000,0.948000000,1.091000000,1.634012124,1820,500,2500
0.082000000,0.948000000,1.091000000,2.685486859,2100,500,2500
0.082000000,0.948000000,1.091000000,0.000000000,1500,500,2500
0.082000000,0.948000000,1.091000000,3.100000000,2100,500,2500
0.086000000,0.916000000,1.097000000,0.434012124,1500,500,2500
0.086000000,0.916000000,1.097000000,0.934012124,1633,500,2500
0.086000000,0.916000000,1.097000000,1.634012124,1820,500,2500
0.086000000,0.916000000,1.097000000,2.685486859,2100,500,2500
0.086000000,0.916000000,1.097000000,0.000000000,1500,500,2500
0.086000000,0.916000000,1.097000000,3.100000000,2100,500,2500
0.105000000,0.901000000,1.092000000,0.434012124,1500,508,2500
0.105000000,0.901000000,1.092000000,0.934012124,1633,509,2500
0.105000000,0.901000000,1.092000000,1.634012124,1820,508,2500
0.105000000,0.901000000,1.092000000,2.685486859,2100,504,2500
0.105000000,0.901000000,1.092000000,0.000000000,1500,508,2500
0.105000000,0.901000000,1.092000000,3.100000000,2100,504,2500
0.109000000,0.886000000,1.077000000,0.434012124,1500,511,2500
0.109000000,0.886000000,1.077000000,0.934012124,1633,512,2500
0.109000000,0.886000000,1.077000000,1.634012124,1820,511,2500
0.109000000,0.886000000,1.077000000,2.685486859,2100,506,2500
0.109000000,0.886000000,1.077000000,0.000000000,1500,511,2500
0.109000000,0.886000000,1.077000000,3.100000000,2100,506,2500
0.150000000,0.867000000,1.072000000,0.434012124,1500,536,2500
0.150000000,0.867000000,1.072000000,0.934012124,1633,539,2500
0.150000000,0.867000000,1.072000000,1.634012124,1820,533,2500
0.150000000,0.867000000,1.072000000,2.685486859,2100,518,2500
0.150000000,0.867000000,1.072000000,0.000000000,1500,536,2500
0.150000000,0.867000000,1.072000000,3.100000000,2100,518,2500
0.157000000,0.859000000,1.059000000,0.434012124,1500,541,2500
0.157000000,0.859000000,1.059000000,0.934012124,1633,544,2500
0.157000000,0.859000000,1.059000000,1.634012124,1820,537,2500
0.157000000,0.859000000,1.059000000,2.685486859,2100,520,2500
0.157000000,0.859000000,1.059000000,0.000000000,1500,541,2500
0.157000000,0.859000000,1.059000000,3.100000000,2100,520,2500
0.136000000,0.895000000,1.075000000,0.434012124,1500,525,2500
0.136000000,0.895000000,1.075000000,0.934012124,1633,527,2500
0.136000000,0.895000000,1.075000000,1.634012124,1820,524,2500
0.136000000,0.895000000,1.075000000,2.685486859,2100,513,2500
0.136000000,0.895000000,1.075000000,0.000000000,1500,525,2500
0.136000000,0.895000000,1.075000000,3.100000000,2100,513,2500
0.197000000,1.011000000,1.179000000,0.434012124,1500,547,2500
0.197000000,1.011000000,1.179000000,0.934012124,1633,550,2500
0.197000000,1.011000000,1.179000000,1.634012124,1820,543,2500
0.197000000,1.011000000,1.179000000,2.685486859,2100,523,2500
0.197000000,1.011000000,1.179000000,0.000000000,1500,547,2500
0.197000000,1.011000000,1.179000000,3.100000000,2100,523,2500
0.204000000,1.143000000,1.178000000,0.434012124,1500,537,2500
0.204000000,1.143000000,1.178000000,0.934012124,1633,540,2500
0.204000000,1.143000000,1.178000000,1.634012124,1820,535,2500
0.204000000,1.143000000,1.178000000,2.685486859,2100,519,2500
0.204000000,1.143000000,1.178000000,0.000000000,1500,537,2500
0.204000000,1.143000000,1.178000000,3.100000000,2100,519,2500
0.228000000,1.168000000,1.159000000,0.434012124,1500,546,2500
0.228000000,1.168000000,1.159000000,0.934012124,1633,550,2500
0.228000000,1.168000000,1.159000000,1.634012124,1820,543,2500
0.228000000,1.168000000,1.159000000,2.685486859,2100,523,2500
0.228000000,1.168000000,1.159000000,0.000000000,1500,546,2500
0.228000000,1.168000000,1.159000000,3.100000000,2100,523,2500
0.207000000,1.108000000,1.197000000,0.434012124,1500,542,2500
0.207000000,1.108000000,1.197000000,0.934012124,1633,546,2500
0.207000000,1.108000000,1.197000000,1.634012124,1820,539,2500
0.207000000,1.108000000,1.197000000,2.685486859,2100,521,2500
0.207000000,1.108000000,1.197000000,0.000000000,1500,542,2500
0.207000000,1.108000000,1.197000000,3.100000000,2100,521,2500
0.046000000,0.989000000,1.137000000,0.434012124,1500,500,2500
0.046000000,0.989000000,1.137000000,0.934012124,1633,500,2500
0.046000000,0.989000000,1.137000000,1.634012124,1820,500,2500
0.046000000,0.989000000,1.137000000,2.685486859,2100,500,2500
0.046000000,0.989000000,1.137000000,0.000000000,1500,500,2500
0.046000000,0.989000000,1.137000000,3.100000000,2100,500,2500
-0.074000000,0.904000000,1.182000000,0.434012124,1500,500,2500
-0.074000000,0.904000000,1.182000000,0.934012124,1633,500,2500
-0.074000000,0.904000000,1.182000000,1.634012124,1820,500,2500
-0.074000000,0.904000000,1.182000000,2.685486859,2100,500,2500
-0.074000000,0.904000000,1.182000000,0.000000000,1500,500,2500
-0.074000000,0.904000000,1.182000000,3.100000000,2100,500,2500
0.016000000,0.895000000,1.061000000,0.434012124,1500,500,2500
0.016000000,0.895000000,1.061000000,0.934012124,1633,500,2500
0.016000000,0.895000000,1.061000000,1.634012124,1820,500,2500
0.016000000,0.895000000,1.061000000,2.685486859,2100,500,2500
0.016000000,0.895000000,1.061000000,0.000000000,1500,500,2500
0.016000000,0.895000000,1.061000000,3.100000000,2100,500,2500
0.017000000,0.866000000,1.115000000,0.434012124,1500,500,2500
0.017000000,0.866000000,1.115000000,0.934012124,1633,500,2500
0.017000000,0.866000000,1.115000000,1.634012124,1820,500,2500
0.017000000,0.866000000,1.115000000,2.685486859,2100,500,2500
0.017000000,0.866000000,1.115000000,0.000000000,1500,500,2500
0.017000000,0.866000000,1.115000000,3.100000000,2100,500,2500
0.992636924,0.046786648,0.265019933,0.434012124,1500,1500,1500
0.992636924,0.046786648,0.265019933,0.934012124,1633,1577,1500
0.992636924,0.046786648,0.265019933,1.634012124,1820,1425,1500
0.992636924,0.046786648,0.265019933,2.685486859,2100,1000,1500
0.992636924,0.046786648,0.265019933,0.000000000,1500,1500,1500
0.992636924,0.046786648,0.265019933,3.100000000,2100,1000,1500
0.033408708,-0.010959840,1.024878189,0.434012124,1500,500,1500
0.033408708,-0.010959840,1.024878189,0.934012124,1633,500,1500
0.033408708,-0.010959840,1.024878189,1.634012124,1820,500,1500
0.033408708,-0.010959840,1.024878189,2.685486859,2100,500,1500
0.033408708,-0.010959840,1.024878189,0.000000000,1500,500,1500
0.033408708,-0.010959840,1.024878189,3.100000000,2100,500,1500
0.122860848,0.451800790,0.918383905,0.434012124,1500,563,2332
0.122860848,0.451800790,0.918383905,0.934012124,1633,568,2332
0.122860848,0.451800790,0.918383905,1.634012124,1820,558,2332
0.122860848,0.451800790,0.918383905,2.685486859,2100,531,2332
0.122860848,0.451800790,0.918383905,0.000000000,1500,563,2332
0.122860848,0.451800790,0.918383905,3.100000000,2100,531,2332
0.112252314,-0.461118933,0.899954676,0.434012124,1500,521,668
0.112252314,-0.461118933,0.899954676,0.934012124,1633,522,668
0.112252314,-0.461118933,0.899954676,1.634012124,1820,519,668
0.112252314,-0.461118933,0.899954676,2.685486859,2100,510,668
0.112252314,-0.461118933,0.899954676,0.000000000,1500,521,668
0.112252314,-0.461118933,0.899954676,3.100000000,2100,510,668
-0.992636924,-0.046786648,-0.265019933,0.434012124,1500,500,1500
-0.992636924,-0.046786648,-0.265019933,0.934012124,1633,500,1500
-0.992636924,-0.046786648,-0.265019933,1.634012124,1820,500,1500
-0.992636924,-0.046786648,-0.265019933,2.685486859,2100,500,1500
-0.992636924,-0.046786648,-0.265019933,0.000000000,1500,500,1500
-0.992636924,-0.046786648,-0.265019933,3.100000000,2100,500,1500
0.621527660,0.021680693,0.783092150,0.434012124,1500,1000,1500
0.621527660,0.021680693,0.783092150,0.934012124,1633,1039,1500
0.621527660,0.021680693,0.783092150,1.634012124,1820,962,1500
0.621527660,0.021680693,0.783092150,2.685486859,2100,750,1500
0.621527660,0.021680693,0.783092150,0.000000000,1500,1000,1500
0.621527660,0.021680693,0.783092150,3.100000000,2100,750,1500
0.965157904,0.045491460,0.257683426,0.434012124,1500,1500,1500
0.965157904,0.045491460,0.257683426,0.934012124,1633,1577,1500
0.965157904,0.045491460,0.257683426,1.634012124,1820,1425,1500
0.965157904,0.045491460,0.257683426,2.685486859,2100,1000,1500
0.965157904,0.045491460,0.257683426,0.000000000,1500,1500,1500
0.965157904,0.045491460,0.257683426,3.100000000,2100,1000,1500
0.947751931,0.043894550,0.315973964,0.434012124,1500,1452,1500
0.947751931,0.043894550,0.315973964,0.934012124,1633,1526,1500
0.947751931,0.043894550,0.315973964,1.634012124,1820,1381,1500
0.947751931,0.043894550,0.315973964,2.685486859,2100,976,1500
0.947751931,0.043894550,0.315973964,0.000000000,1500,1452,1500
0.947751931,0.043894550,0.315973964,3.100000000,2100,976,1500
0.926836144,0.042135086,0.373094355,0.434012124,1500,1405,1500
0.926836144,0.042135086,0.373094355,0.934012124,1633,1475,1500
0.926836144,0.042135086,0.373094355,1.634012124,1820,1337,1500
0.926836144,0.042135086,0.373094355,2.685486859,2100,952,1500
0.926836144,0.042135086,0.373094355,0.000000000,1500,1405,1500
0.926836144,0.042135086,0.373094355,3.100000000,2100,952,1500
0.902488000,0.040219583,0.428833063,0.434012124,1500,1357,1500
0.902488000,0.040219583,0.428833063,0.934012124,1633,1423,1500
0.902488000,0.040219583,0.428833063,1.634012124,1820,1293,1500
0.902488000,0.040219583,0.428833063,2.685486859,2100,929,1500
0.902488000,0.040219583,0.428833063,0.000000000,1500,1357,1500
0.902488000,0.040219583,0.428833063,3.100000000,2100,929,1500
0.874797667,0.038155134,0.482983672,0.434012124,1500,1310,1500
0.874797667,0.038155134,0.482983672,0.934012124,1633,1372,1500
0.874797667,0.038155134,0.482983672,1.634012124,1820,1249,1500
0.874797667,0.038155134,0.482983672,2.685486859,2100,905,1500
0.874797667,0.038155134,0.482983672,0.000000000,1500,1310,1500
0.874797667,0.038155134,0.482983672,3.100000000,2100,905,1500
0.843867693,0.035949385,0.535345645,0.434012124,1500,1262,1500
0.843867693,0.035949385,0.535345645,0.934012124,1633,1321,1500
0.843867693,0.035949385,0.535345645,1.634012124,1820,1205,1500
0.843867693,0.035949385,0.535345645,2.685486859,2100,881,1500
0.843867693,0.035949385,0.535345645,0.000000000,1500,1262,1500
0.843867693,0.035949385,0.535345645,3.100000000,2100,881,1500
0.809812619,0.033610505,0.585725069,0.434012124,1500,1214,1500
0.809812619,0.033610505,0.585725069,0.934012124,1633,1270,1500
0.809812619,0.033610505,0.585725069,1.634012124,1820,1161,1500
0.809812619,0.033610505,0.585725069,2.685486859,2100,857,1500
0.809812619,0.033610505,0.585725069,0.000000000,1500,1214,1500
0.809812619,0.033610505,0.585725069,3.100000000,2100,857,1500
0.772758561,0.031147154,0.633935376,0.434012124,1500,1167,1500
0.772758561,0.031147154,0.633935376,0.934012124,1633,1218,1500
0.772758561,0.031147154,0.633935376,1.634012124,1820,1117,1500
0.772758561,0.031147154,0.633935376,2.685486859,2100,833,1500
0.772758561,0.031147154,0.633935376,0.000000000,1500,1167,1500
0.772758561,0.031147154,0.633935376,3.100000000,2100,833,1500
0.732842744,0.028568457,0.679798026,0.434012124,1500,1119,1500
0.732842744,0.028568457,0.679798026,0.934012124,1633,1167,1500
0.732842744,0.028568457,0.679798026,1.634012124,1820,1073,1500
0.732842744,0.028568457,0.679798026,2.685486859,2100,810,1500
0.732842744,0.028568457,0.679798026,0.000000000,1500,1119,1500
0.732842744,0.028568457,0.679798026,3.100000000,2100,810,1500
0.690212986,0.025883961,0.723143177,0.434012124,1500,1071,1500
0.690212986,0.025883961,0.723143177,0.934012124,1633,1116,1500
0.690212986,0.025883961,0.723143177,1.634012124,1820,1029,1500
0.690212986,0.025883961,0.723143177,2.685486859,2100,786,1500
0.690212986,0.025883961,0.723143177,0.000000000,1500,1071,1500
0.690212986,0.025883961,0.723143177,3.100000000,2100,786,1500
0.645027159,0.023103610,0.763810308,0.434012124,1500,1024,1500
0.645027159,0.023103610,0.763810308,0.934012124,1633,1064,1500
0.645027159,0.023103610,0.763810308,1.634012124,1820,985,1500
0.645027159,0.023103610,0.763810308,2.685486859,2100,762,1500
0.645027159,0.023103610,0.763810308,0.000000000,1500,1024,1500
0.645027159,0.023103610,0.763810308,3.100000000,2100,762,1500
0.597452600,0.020237698,0.801648817,0.434012124,1500,976,1500
0.597452600,0.020237698,0.801648817,0.934012124,1633,1013,1500
0.597452600,0.020237698,0.801648817,1.634012124,1820,940,1500
0.597452600,0.020237698,0.801648817,2.685486859,2100,738,1500
0.597452600,0.020237698,0.801648817,0.000000000,1500,976,1500
0.597452600,0.020237698,0.801648817,3.100000000,2100,738,1500
0.547665492,0.017296841,0.836518576,0.434012124,1500,929,1500
0.547665492,0.017296841,0.836518576,0.934012124,1633,962,1500
0.547665492,0.017296841,0.836518576,1.634012124,1820,896,1500
0.547665492,0.017296841,0.836518576,2.685486859,2100,714,1500
0.547665492,0.017296841,0.836518576,0.000000000,1500,929,1500
0.547665492,0.017296841,0.836518576,3.100000000,2100,714,1500
0.495850212,0.014291927,0.868290452,0.434012124,1500,881,1500
0.495850212,0.014291927,0.868290452,0.934012124,1633,910,1500
0.495850212,0.014291927,0.868290452,1.634012124,1820,852,1500
0.495850212,0.014291927,0.868290452,2.685486859,2100,690,1500
0.495850212,0.014291927,0.868290452,0.000000000,1500,881,1500
0.495850212,0.014291927,0.868290452,3.100000000,2100,690,1500
0.442198647,0.011234087,0.896846783,0.434012124,1500,833,1500
0.442198647,0.011234087,0.896846783,0.934012124,1633,859,1500
0.442198647,0.011234087,0.896846783,1.634012124,1820,808,1500
0.442198647,0.011234087,0.896846783,2.685486859,2100,667,1500
0.442198647,0.011234087,0.896846783,0.000000000,1500,833,1500
0.442198647,0.011234087,0.896846783,3.100000000,2100,667,1500
0.386909485,0.008134643,0.922081817,0.434012124,1500,786,1500
0.386909485,0.008134643,0.922081817,0.934012124,1633,808,1500
0.386909485,0.008134643,0.922081817,1.634012124,1820,764,1500
0.386909485,0.008134643,0.922081817,2.685486859,2100,643,1500
0.386909485,0.008134643,0.922081817,0.000000000,1500,786,1500
0.386909485,0.008134643,0.922081817,3.100000000,2100,643,1500
0.330187480,0.005005074,0.943902101,0.434012124,1500,738,1500
0.330187480,0.005005074,0.943902101,0.934012124,1633,757,1500
0.330187480,0.005005074,0.943902101,1.634012124,1820,720,1500
0.330187480,0.005005074,0.943902101,2.685486859,2100,619,1500
0.330187480,0.005005074,0.943902101,0.000000000,1500,738,1500
0.330187480,0.005005074,0.943902101,3.100000000,2100,619,1500
0.272242690,0.001856970,0.962226828,0.434012124,1500,690,1500
0.272242690,0.001856970,0.962226828,0.934012124,1633,705,1500
0.272242690,0.001856970,0.962226828,1.634012124,1820,676,1500
0.272242690,0.001856970,0.962226828,2.685486859,2100,595,1500
0.272242690,0.001856970,0.962226828,0.000000000,1500,690,1500
0.272242690,0.001856970,0.962226828,3.100000000,2100,595,1500
0.213289703,-0.001298011,0.976988136,0.434012124,1500,643,1500
0.213289703,-0.001298011,0.976988136,0.934012124,1633,654,1500
0.213289703,-0.001298011,0.976988136,1.634012124,1820,632,1500
0.213289703,-0.001298011,0.976988136,2.685486859,2100,571,1500
0.213289703,-0.001298011,0.976988136,0.000000000,1500,643,1500
0.213289703,-0.001298011,0.976988136,3.100000000,2100,571,1500
0.153546838,-0.004448185,0.988131359,0.434012124,1500,595,1500
0.153546838,-0.004448185,0.988131359,0.934012124,1633,603,1500
0.153546838,-0.004448185,0.988131359,1.634012124,1820,588,1500
0.153546838,-0.004448185,0.988131359,2.685486859,2100,548,1500
0.153546838,-0.004448185,0.988131359,0.000000000,1500,595,1500
0.153546838,-0.004448185,0.988131359,3.100000000,2100,548,1500
0.093235343,-0.007581887,0.995615230,0.434012124,1500,548,1500
0.093235343,-0.007581887,0.995615230,0.934012124,1633,551,1500
0.093235343,-0.007581887,0.995615230,1.634012124,1820,544,1500
0.093235343,-0.007581887,0.995615230,2.685486859,2100,524,1500
0.093235343,-0.007581887,0.995615230,0.000000000,1500,548,1500
0.093235343,-0.007581887,0.995615230,3.100000000,2100,524,1500
0.032578569,-0.010687510,0.999412034,0.434012124,1500,500,1500
0.032578569,-0.010687510,0.999412034,0.934012124,1633,500,1500
0.032578569,-0.010687510,0.999412034,1.634012124,1820,500,1500
0.032578569,-0.010687510,0.999412034,2.685486859,2100,500,1500
0.032578569,-0.010687510,0.999412034,0.000000000,1500,500,1500
0.032578569,-0.010687510,0.999412034,3.100000000,2100,500,1500
